Fecha,edificio,Precio,precio_mediana,tipo,apt_public
2025-05-13,A,3000.0,78.0,PRECIO_MUY_ALTO,A-01
2025-05-14,A,3000.0,78.0,PRECIO_MUY_ALTO,A-01
2025-05-15,A,3000.0,78.0,PRECIO_MUY_ALTO,A-01
2025-05-16,A,4500.0,78.0,PRECIO_MUY_ALTO,A-01
2025-05-17,A,4500.0,78.0,PRECIO_MUY_ALTO,A-01
2025-05-19,A,4500.0,78.0,PRECIO_MUY_ALTO,A-01
2025-05-20,A,4500.0,78.0,PRECIO_MUY_ALTO,A-01
2025-05-21,A,4500.0,78.0,PRECIO_MUY_ALTO,A-01
2025-05-22,A,4500.0,78.0,PRECIO_MUY_ALTO,A-01
2025-05-24,A,4500.0,78.0,PRECIO_MUY_ALTO,A-01
2025-05-25,A,4500.0,78.0,PRECIO_MUY_ALTO,A-01
2025-05-26,A,4500.0,78.0,PRECIO_MUY_ALTO,A-01
2025-05-28,A,4500.0,78.0,PRECIO_MUY_ALTO,A-01
2025-05-29,A,4500.0,78.0,PRECIO_MUY_ALTO,A-01
2025-05-30,A,4500.0,78.0,PRECIO_MUY_ALTO,A-01
2025-06-02,A,4500.0,78.0,PRECIO_MUY_ALTO,A-01
2025-06-03,A,4500.0,78.0,PRECIO_MUY_ALTO,A-01
2025-06-04,A,4500.0,78.0,PRECIO_MUY_ALTO,A-01
2025-06-05,A,4500.0,78.0,PRECIO_MUY_ALTO,A-01
2025-06-06,A,4500.0,78.0,PRECIO_MUY_ALTO,A-01
2025-06-07,A,4500.0,78.0,PRECIO_MUY_ALTO,A-01
2025-06-12,A,4500.0,78.0,PRECIO_MUY_ALTO,A-01
2025-06-17,A,4500.0,78.0,PRECIO_MUY_ALTO,A-01
2025-05-13,A,3000.0,80.0,PRECIO_MUY_ALTO,A-02
2025-05-14,A,3000.0,80.0,PRECIO_MUY_ALTO,A-02
2025-05-15,A,3000.0,80.0,PRECIO_MUY_ALTO,A-02
2025-05-16,A,4500.0,80.0,PRECIO_MUY_ALTO,A-02
2025-05-17,A,4500.0,80.0,PRECIO_MUY_ALTO,A-02
2025-05-19,A,4500.0,80.0,PRECIO_MUY_ALTO,A-02
2025-05-20,A,4500.0,80.0,PRECIO_MUY_ALTO,A-02
2025-05-21,A,4500.0,80.0,PRECIO_MUY_ALTO,A-02
2025-05-22,A,4500.0,80.0,PRECIO_MUY_ALTO,A-02
2025-05-24,A,4500.0,80.0,PRECIO_MUY_ALTO,A-02
2025-05-25,A,4500.0,80.0,PRECIO_MUY_ALTO,A-02
2025-06-03,A,4500.0,80.0,PRECIO_MUY_ALTO,A-02
2025-06-04,A,4500.0,80.0,PRECIO_MUY_ALTO,A-02
2025-06-06,A,4500.0,80.0,PRECIO_MUY_ALTO,A-02
2025-06-07,A,4500.0,80.0,PRECIO_MUY_ALTO,A-02
2025-05-13,B,3000.0,180.0,PRECIO_MUY_ALTO,B-01
2025-05-14,B,3000.0,180.0,PRECIO_MUY_ALTO,B-01
2025-05-15,B,3000.0,180.0,PRECIO_MUY_ALTO,B-01
2025-05-18,B,5000.0,180.0,PRECIO_MUY_ALTO,B-01
2025-05-19,B,5000.0,180.0,PRECIO_MUY_ALTO,B-01
2025-05-21,B,5000.0,180.0,PRECIO_MUY_ALTO,B-01
2025-05-22,B,5000.0,180.0,PRECIO_MUY_ALTO,B-01
2025-05-23,B,5000.0,180.0,PRECIO_MUY_ALTO,B-01
2025-05-24,B,5000.0,180.0,PRECIO_MUY_ALTO,B-01
2025-06-01,B,5000.0,180.0,PRECIO_MUY_ALTO,B-01
2025-06-02,B,5000.0,180.0,PRECIO_MUY_ALTO,B-01
2025-06-03,B,5000.0,180.0,PRECIO_MUY_ALTO,B-01
2025-06-04,B,5000.0,180.0,PRECIO_MUY_ALTO,B-01
2025-06-05,B,5000.0,180.0,PRECIO_MUY_ALTO,B-01
2025-06-06,B,5000.0,180.0,PRECIO_MUY_ALTO,B-01
2025-06-07,B,5000.0,180.0,PRECIO_MUY_ALTO,B-01
2025-05-13,B,3000.0,140.0,PRECIO_MUY_ALTO,B-02
2025-05-14,B,3000.0,140.0,PRECIO_MUY_ALTO,B-02
2025-05-15,B,3000.0,140.0,PRECIO_MUY_ALTO,B-02
2025-05-16,B,5000.0,140.0,PRECIO_MUY_ALTO,B-02
2025-05-17,B,5000.0,140.0,PRECIO_MUY_ALTO,B-02
2025-05-21,B,5000.0,140.0,PRECIO_MUY_ALTO,B-02
2025-05-22,B,5000.0,140.0,PRECIO_MUY_ALTO,B-02
2025-05-25,B,5000.0,140.0,PRECIO_MUY_ALTO,B-02
2025-05-26,B,5000.0,140.0,PRECIO_MUY_ALTO,B-02
2025-05-27,B,5000.0,140.0,PRECIO_MUY_ALTO,B-02
2025-05-29,B,5000.0,140.0,PRECIO_MUY_ALTO,B-02
2025-05-30,B,5000.0,140.0,PRECIO_MUY_ALTO,B-02
2025-05-31,B,5000.0,140.0,PRECIO_MUY_ALTO,B-02
2025-06-06,B,5000.0,140.0,PRECIO_MUY_ALTO,B-02
2025-06-07,B,5000.0,140.0,PRECIO_MUY_ALTO,B-02
2025-05-13,B,3000.0,135.0,PRECIO_MUY_ALTO,B-03
2025-05-14,B,3000.0,135.0,PRECIO_MUY_ALTO,B-03
2025-05-15,B,3000.0,135.0,PRECIO_MUY_ALTO,B-03
2025-05-16,B,5000.0,135.0,PRECIO_MUY_ALTO,B-03
2025-05-17,B,5000.0,135.0,PRECIO_MUY_ALTO,B-03
2025-05-19,B,5000.0,135.0,PRECIO_MUY_ALTO,B-03
2025-05-21,B,5000.0,135.0,PRECIO_MUY_ALTO,B-03
2025-05-22,B,5000.0,135.0,PRECIO_MUY_ALTO,B-03
2025-05-23,B,5000.0,135.0,PRECIO_MUY_ALTO,B-03
2025-05-25,B,5000.0,135.0,PRECIO_MUY_ALTO,B-03
2025-05-26,B,5000.0,135.0,PRECIO_MUY_ALTO,B-03
2025-05-27,B,5000.0,135.0,PRECIO_MUY_ALTO,B-03
2025-05-28,B,5000.0,135.0,PRECIO_MUY_ALTO,B-03
2025-05-29,B,5000.0,135.0,PRECIO_MUY_ALTO,B-03
2025-06-06,B,5000.0,135.0,PRECIO_MUY_ALTO,B-03
2025-06-07,B,5000.0,135.0,PRECIO_MUY_ALTO,B-03
2025-06-15,B,5000.0,135.0,PRECIO_MUY_ALTO,B-03
2025-06-16,B,5000.0,135.0,PRECIO_MUY_ALTO,B-03
2025-06-17,B,5000.0,135.0,PRECIO_MUY_ALTO,B-03
2025-06-18,B,5000.0,135.0,PRECIO_MUY_ALTO,B-03
2025-06-19,B,5000.0,135.0,PRECIO_MUY_ALTO,B-03
2025-06-20,B,5000.0,135.0,PRECIO_MUY_ALTO,B-03
2025-06-21,B,5000.0,135.0,PRECIO_MUY_ALTO,B-03
2025-05-13,B,3000.0,125.0,PRECIO_MUY_ALTO,B-04
2025-05-14,B,3000.0,125.0,PRECIO_MUY_ALTO,B-04
2025-05-15,B,3000.0,125.0,PRECIO_MUY_ALTO,B-04
2025-05-16,B,5000.0,125.0,PRECIO_MUY_ALTO,B-04
2025-05-17,B,5000.0,125.0,PRECIO_MUY_ALTO,B-04
2025-05-18,B,5000.0,125.0,PRECIO_MUY_ALTO,B-04
2025-05-19,B,5000.0,125.0,PRECIO_MUY_ALTO,B-04
2025-05-21,B,5000.0,125.0,PRECIO_MUY_ALTO,B-04
2025-05-25,B,5000.0,125.0,PRECIO_MUY_ALTO,B-04
2025-05-27,B,5000.0,125.0,PRECIO_MUY_ALTO,B-04
2025-05-28,B,5000.0,125.0,PRECIO_MUY_ALTO,B-04
2025-05-29,B,5000.0,125.0,PRECIO_MUY_ALTO,B-04
2025-06-06,B,5000.0,125.0,PRECIO_MUY_ALTO,B-04
2025-06-07,B,5000.0,125.0,PRECIO_MUY_ALTO,B-04
2025-05-13,B,3000.0,120.0,PRECIO_MUY_ALTO,B-05
2025-05-14,B,3000.0,120.0,PRECIO_MUY_ALTO,B-05
2025-05-15,B,3000.0,120.0,PRECIO_MUY_ALTO,B-05
2025-05-16,B,5000.0,120.0,PRECIO_MUY_ALTO,B-05
2025-05-17,B,5000.0,120.0,PRECIO_MUY_ALTO,B-05
2025-05-19,B,5000.0,120.0,PRECIO_MUY_ALTO,B-05
2025-05-20,B,5000.0,120.0,PRECIO_MUY_ALTO,B-05
2025-05-21,B,5000.0,120.0,PRECIO_MUY_ALTO,B-05
2025-05-22,B,5000.0,120.0,PRECIO_MUY_ALTO,B-05
2025-05-24,B,5000.0,120.0,PRECIO_MUY_ALTO,B-05
2025-05-25,B,5000.0,120.0,PRECIO_MUY_ALTO,B-05
2025-05-26,B,5000.0,120.0,PRECIO_MUY_ALTO,B-05
2025-05-27,B,5000.0,120.0,PRECIO_MUY_ALTO,B-05
2025-05-28,B,5000.0,120.0,PRECIO_MUY_ALTO,B-05
2025-05-29,B,5000.0,120.0,PRECIO_MUY_ALTO,B-05
2025-05-30,B,5000.0,120.0,PRECIO_MUY_ALTO,B-05
2025-06-04,B,5000.0,120.0,PRECIO_MUY_ALTO,B-05
2025-06-05,B,5000.0,120.0,PRECIO_MUY_ALTO,B-05
2025-06-06,B,5000.0,120.0,PRECIO_MUY_ALTO,B-05
2025-06-07,B,5000.0,120.0,PRECIO_MUY_ALTO,B-05
2025-05-13,B,3000.0,125.0,PRECIO_MUY_ALTO,B-06
2025-05-14,B,3000.0,125.0,PRECIO_MUY_ALTO,B-06
2025-05-15,B,3000.0,125.0,PRECIO_MUY_ALTO,B-06
2025-05-16,B,5000.0,125.0,PRECIO_MUY_ALTO,B-06
2025-05-17,B,5000.0,125.0,PRECIO_MUY_ALTO,B-06
2025-05-19,B,5000.0,125.0,PRECIO_MUY_ALTO,B-06
2025-05-20,B,5000.0,125.0,PRECIO_MUY_ALTO,B-06
2025-05-21,B,5000.0,125.0,PRECIO_MUY_ALTO,B-06
2025-05-22,B,5000.0,125.0,PRECIO_MUY_ALTO,B-06
2025-05-23,B,5000.0,125.0,PRECIO_MUY_ALTO,B-06
2025-05-25,B,5000.0,125.0,PRECIO_MUY_ALTO,B-06
2025-05-29,B,5000.0,125.0,PRECIO_MUY_ALTO,B-06
2025-05-30,B,5000.0,125.0,PRECIO_MUY_ALTO,B-06
2025-06-02,B,5000.0,125.0,PRECIO_MUY_ALTO,B-06
2025-06-03,B,5000.0,125.0,PRECIO_MUY_ALTO,B-06
2025-06-04,B,5000.0,125.0,PRECIO_MUY_ALTO,B-06
2025-06-06,B,5000.0,125.0,PRECIO_MUY_ALTO,B-06
2025-06-07,B,5000.0,125.0,PRECIO_MUY_ALTO,B-06
2025-06-20,B,5000.0,125.0,PRECIO_MUY_ALTO,B-06
2025-06-21,B,5000.0,125.0,PRECIO_MUY_ALTO,B-06
2025-05-13,B,3000.0,120.0,PRECIO_MUY_ALTO,B-07
2025-05-14,B,3000.0,120.0,PRECIO_MUY_ALTO,B-07
2025-05-15,B,3000.0,120.0,PRECIO_MUY_ALTO,B-07
2025-05-16,B,5000.0,120.0,PRECIO_MUY_ALTO,B-07
2025-05-17,B,5000.0,120.0,PRECIO_MUY_ALTO,B-07
2025-05-18,B,5000.0,120.0,PRECIO_MUY_ALTO,B-07
2025-05-19,B,5000.0,120.0,PRECIO_MUY_ALTO,B-07
2025-05-20,B,5000.0,120.0,PRECIO_MUY_ALTO,B-07
2025-05-21,B,5000.0,120.0,PRECIO_MUY_ALTO,B-07
2025-05-22,B,5000.0,120.0,PRECIO_MUY_ALTO,B-07
2025-05-23,B,5000.0,120.0,PRECIO_MUY_ALTO,B-07
2025-05-24,B,5000.0,120.0,PRECIO_MUY_ALTO,B-07
2025-05-25,B,5000.0,120.0,PRECIO_MUY_ALTO,B-07
2025-05-26,B,5000.0,120.0,PRECIO_MUY_ALTO,B-07
2025-05-27,B,5000.0,120.0,PRECIO_MUY_ALTO,B-07
2025-05-28,B,5000.0,120.0,PRECIO_MUY_ALTO,B-07
2025-06-06,B,5000.0,120.0,PRECIO_MUY_ALTO,B-07
2025-06-07,B,5000.0,120.0,PRECIO_MUY_ALTO,B-07
2025-06-08,B,5000.0,120.0,PRECIO_MUY_ALTO,B-07
2025-06-09,B,5000.0,120.0,PRECIO_MUY_ALTO,B-07
2025-06-10,B,5000.0,120.0,PRECIO_MUY_ALTO,B-07
2025-06-11,B,5000.0,120.0,PRECIO_MUY_ALTO,B-07
2025-06-12,B,5000.0,120.0,PRECIO_MUY_ALTO,B-07
2025-06-13,B,5000.0,120.0,PRECIO_MUY_ALTO,B-07
2025-06-20,B,5000.0,120.0,PRECIO_MUY_ALTO,B-07
2025-06-21,B,5000.0,120.0,PRECIO_MUY_ALTO,B-07
2025-05-13,B,3000.0,115.0,PRECIO_MUY_ALTO,B-08
2025-05-14,B,3000.0,115.0,PRECIO_MUY_ALTO,B-08
2025-05-15,B,3000.0,115.0,PRECIO_MUY_ALTO,B-08
2025-05-16,B,5000.0,115.0,PRECIO_MUY_ALTO,B-08
2025-05-17,B,5000.0,115.0,PRECIO_MUY_ALTO,B-08
2025-05-18,B,5000.0,115.0,PRECIO_MUY_ALTO,B-08
2025-05-19,B,5000.0,115.0,PRECIO_MUY_ALTO,B-08
2025-05-20,B,5000.0,115.0,PRECIO_MUY_ALTO,B-08
2025-05-21,B,5000.0,115.0,PRECIO_MUY_ALTO,B-08
2025-05-22,B,5000.0,115.0,PRECIO_MUY_ALTO,B-08
2025-05-23,B,5000.0,115.0,PRECIO_MUY_ALTO,B-08
2025-05-24,B,5000.0,115.0,PRECIO_MUY_ALTO,B-08
2025-05-25,B,5000.0,115.0,PRECIO_MUY_ALTO,B-08
2025-05-26,B,5000.0,115.0,PRECIO_MUY_ALTO,B-08
2025-05-27,B,5000.0,115.0,PRECIO_MUY_ALTO,B-08
2025-05-28,B,5000.0,115.0,PRECIO_MUY_ALTO,B-08
2025-05-29,B,5000.0,115.0,PRECIO_MUY_ALTO,B-08
2025-06-06,B,5000.0,115.0,PRECIO_MUY_ALTO,B-08
2025-06-07,B,5000.0,115.0,PRECIO_MUY_ALTO,B-08
2025-06-10,B,5000.0,115.0,PRECIO_MUY_ALTO,B-08
2025-06-11,B,5000.0,115.0,PRECIO_MUY_ALTO,B-08
2025-06-12,B,5000.0,115.0,PRECIO_MUY_ALTO,B-08
2025-06-13,B,5000.0,115.0,PRECIO_MUY_ALTO,B-08
2025-06-20,B,5000.0,115.0,PRECIO_MUY_ALTO,B-08
2025-06-21,B,5000.0,115.0,PRECIO_MUY_ALTO,B-08
2025-05-13,B,3000.0,105.0,PRECIO_MUY_ALTO,B-09
2025-05-14,B,3000.0,105.0,PRECIO_MUY_ALTO,B-09
2025-05-15,B,3000.0,105.0,PRECIO_MUY_ALTO,B-09
2025-05-16,B,5000.0,105.0,PRECIO_MUY_ALTO,B-09
2025-05-17,B,5000.0,105.0,PRECIO_MUY_ALTO,B-09
2025-05-18,B,5000.0,105.0,PRECIO_MUY_ALTO,B-09
2025-05-19,B,5000.0,105.0,PRECIO_MUY_ALTO,B-09
2025-05-20,B,5000.0,105.0,PRECIO_MUY_ALTO,B-09
2025-05-21,B,5000.0,105.0,PRECIO_MUY_ALTO,B-09
2025-05-25,B,5000.0,105.0,PRECIO_MUY_ALTO,B-09
2025-05-26,B,5000.0,105.0,PRECIO_MUY_ALTO,B-09
2025-05-27,B,5000.0,105.0,PRECIO_MUY_ALTO,B-09
2025-05-28,B,5000.0,105.0,PRECIO_MUY_ALTO,B-09
2025-05-29,B,5000.0,105.0,PRECIO_MUY_ALTO,B-09
2025-06-02,B,5000.0,105.0,PRECIO_MUY_ALTO,B-09
2025-06-03,B,5000.0,105.0,PRECIO_MUY_ALTO,B-09
2025-06-04,B,5000.0,105.0,PRECIO_MUY_ALTO,B-09
2025-06-05,B,5000.0,105.0,PRECIO_MUY_ALTO,B-09
2025-06-06,B,5000.0,105.0,PRECIO_MUY_ALTO,B-09
2025-06-07,B,5000.0,105.0,PRECIO_MUY_ALTO,B-09
2025-06-12,B,5000.0,105.0,PRECIO_MUY_ALTO,B-09
2025-06-13,B,5000.0,105.0,PRECIO_MUY_ALTO,B-09
2025-06-20,B,5000.0,105.0,PRECIO_MUY_ALTO,B-09
2025-06-21,B,5000.0,105.0,PRECIO_MUY_ALTO,B-09
2025-05-13,C,3000.0,105.0,PRECIO_MUY_ALTO,C-01
2025-05-14,C,3000.0,105.0,PRECIO_MUY_ALTO,C-01
2025-05-15,C,3000.0,105.0,PRECIO_MUY_ALTO,C-01
2025-05-16,C,4500.0,105.0,PRECIO_MUY_ALTO,C-01
2025-05-17,C,4500.0,105.0,PRECIO_MUY_ALTO,C-01
2025-05-20,C,4500.0,105.0,PRECIO_MUY_ALTO,C-01
2025-05-21,C,4500.0,105.0,PRECIO_MUY_ALTO,C-01
2025-05-22,C,4500.0,105.0,PRECIO_MUY_ALTO,C-01
2025-05-26,C,4500.0,105.0,PRECIO_MUY_ALTO,C-01
2025-05-27,C,4500.0,105.0,PRECIO_MUY_ALTO,C-01
2025-05-28,C,4500.0,105.0,PRECIO_MUY_ALTO,C-01
2025-06-06,C,4500.0,105.0,PRECIO_MUY_ALTO,C-01
2025-06-07,C,4500.0,105.0,PRECIO_MUY_ALTO,C-01
2025-06-12,C,4500.0,105.0,PRECIO_MUY_ALTO,C-01
2025-06-13,C,4500.0,105.0,PRECIO_MUY_ALTO,C-01
2025-06-14,C,4500.0,105.0,PRECIO_MUY_ALTO,C-01
2025-05-13,C,3000.0,100.0,PRECIO_MUY_ALTO,C-02
2025-05-14,C,3000.0,100.0,PRECIO_MUY_ALTO,C-02
2025-05-15,C,3000.0,100.0,PRECIO_MUY_ALTO,C-02
2025-05-16,C,4500.0,100.0,PRECIO_MUY_ALTO,C-02
2025-05-17,C,4500.0,100.0,PRECIO_MUY_ALTO,C-02
2025-05-18,C,4500.0,100.0,PRECIO_MUY_ALTO,C-02
2025-05-19,C,4500.0,100.0,PRECIO_MUY_ALTO,C-02
2025-05-20,C,4500.0,100.0,PRECIO_MUY_ALTO,C-02
2025-05-21,C,4500.0,100.0,PRECIO_MUY_ALTO,C-02
2025-05-22,C,4500.0,100.0,PRECIO_MUY_ALTO,C-02
2025-05-24,C,4500.0,100.0,PRECIO_MUY_ALTO,C-02
2025-05-27,C,4500.0,100.0,PRECIO_MUY_ALTO,C-02
2025-05-28,C,4500.0,100.0,PRECIO_MUY_ALTO,C-02
2025-05-29,C,4500.0,100.0,PRECIO_MUY_ALTO,C-02
2025-05-31,C,4500.0,100.0,PRECIO_MUY_ALTO,C-02
2025-06-03,C,4500.0,100.0,PRECIO_MUY_ALTO,C-02
2025-06-04,C,4500.0,100.0,PRECIO_MUY_ALTO,C-02
2025-06-06,C,4500.0,100.0,PRECIO_MUY_ALTO,C-02
2025-06-07,C,4500.0,100.0,PRECIO_MUY_ALTO,C-02
2025-06-11,C,4500.0,100.0,PRECIO_MUY_ALTO,C-02
2025-06-12,C,4500.0,100.0,PRECIO_MUY_ALTO,C-02
2025-06-19,C,4500.0,100.0,PRECIO_MUY_ALTO,C-02
2025-06-20,C,4500.0,100.0,PRECIO_MUY_ALTO,C-02
2025-05-13,C,3000.0,115.0,PRECIO_MUY_ALTO,C-03
2025-05-14,C,3000.0,115.0,PRECIO_MUY_ALTO,C-03
2025-05-15,C,3000.0,115.0,PRECIO_MUY_ALTO,C-03
2025-05-16,C,4500.0,115.0,PRECIO_MUY_ALTO,C-03
2025-05-17,C,4500.0,115.0,PRECIO_MUY_ALTO,C-03
2025-05-18,C,4500.0,115.0,PRECIO_MUY_ALTO,C-03
2025-05-20,C,4500.0,115.0,PRECIO_MUY_ALTO,C-03
2025-05-21,C,4500.0,115.0,PRECIO_MUY_ALTO,C-03
2025-05-22,C,4500.0,115.0,PRECIO_MUY_ALTO,C-03
2025-05-24,C,4500.0,115.0,PRECIO_MUY_ALTO,C-03
2025-05-25,C,4500.0,115.0,PRECIO_MUY_ALTO,C-03
2025-05-26,C,4500.0,115.0,PRECIO_MUY_ALTO,C-03
2025-06-06,C,4500.0,115.0,PRECIO_MUY_ALTO,C-03
2025-06-07,C,4500.0,115.0,PRECIO_MUY_ALTO,C-03
2025-05-13,C,3000.0,107.5,PRECIO_MUY_ALTO,C-04
2025-05-14,C,3000.0,107.5,PRECIO_MUY_ALTO,C-04
2025-05-15,C,3000.0,107.5,PRECIO_MUY_ALTO,C-04
2025-05-16,C,4500.0,107.5,PRECIO_MUY_ALTO,C-04
2025-05-17,C,4500.0,107.5,PRECIO_MUY_ALTO,C-04
2025-05-20,C,4500.0,107.5,PRECIO_MUY_ALTO,C-04
2025-05-21,C,4500.0,107.5,PRECIO_MUY_ALTO,C-04
2025-05-26,C,4500.0,107.5,PRECIO_MUY_ALTO,C-04
2025-05-27,C,4500.0,107.5,PRECIO_MUY_ALTO,C-04
2025-05-28,C,4500.0,107.5,PRECIO_MUY_ALTO,C-04
2025-05-29,C,4500.0,107.5,PRECIO_MUY_ALTO,C-04
2025-05-30,C,4500.0,107.5,PRECIO_MUY_ALTO,C-04
2025-05-31,C,4500.0,107.5,PRECIO_MUY_ALTO,C-04
2025-06-06,C,4500.0,107.5,PRECIO_MUY_ALTO,C-04
2025-06-07,C,4500.0,107.5,PRECIO_MUY_ALTO,C-04
2025-05-13,C,3000.0,112.5,PRECIO_MUY_ALTO,C-05
2025-05-14,C,3000.0,112.5,PRECIO_MUY_ALTO,C-05
2025-05-15,C,3000.0,112.5,PRECIO_MUY_ALTO,C-05
2025-05-16,C,4500.0,112.5,PRECIO_MUY_ALTO,C-05
2025-05-17,C,4500.0,112.5,PRECIO_MUY_ALTO,C-05
2025-05-19,C,4500.0,112.5,PRECIO_MUY_ALTO,C-05
2025-05-20,C,4500.0,112.5,PRECIO_MUY_ALTO,C-05
2025-05-21,C,4500.0,112.5,PRECIO_MUY_ALTO,C-05
2025-05-22,C,4500.0,112.5,PRECIO_MUY_ALTO,C-05
2025-05-24,C,4500.0,112.5,PRECIO_MUY_ALTO,C-05
2025-05-25,C,4500.0,112.5,PRECIO_MUY_ALTO,C-05
2025-05-26,C,4500.0,112.5,PRECIO_MUY_ALTO,C-05
2025-05-28,C,4500.0,112.5,PRECIO_MUY_ALTO,C-05
2025-05-29,C,4500.0,112.5,PRECIO_MUY_ALTO,C-05
2025-06-06,C,4500.0,112.5,PRECIO_MUY_ALTO,C-05
2025-06-07,C,4500.0,112.5,PRECIO_MUY_ALTO,C-05
2025-06-12,C,4500.0,112.5,PRECIO_MUY_ALTO,C-05
2025-05-13,C,3000.0,105.0,PRECIO_MUY_ALTO,C-06
2025-05-14,C,3000.0,105.0,PRECIO_MUY_ALTO,C-06
2025-05-15,C,3000.0,105.0,PRECIO_MUY_ALTO,C-06
2025-05-16,C,4500.0,105.0,PRECIO_MUY_ALTO,C-06
2025-05-17,C,4500.0,105.0,PRECIO_MUY_ALTO,C-06
2025-05-19,C,4500.0,105.0,PRECIO_MUY_ALTO,C-06
2025-05-20,C,4500.0,105.0,PRECIO_MUY_ALTO,C-06
2025-05-21,C,4500.0,105.0,PRECIO_MUY_ALTO,C-06
2025-05-22,C,4500.0,105.0,PRECIO_MUY_ALTO,C-06
2025-05-23,C,4500.0,105.0,PRECIO_MUY_ALTO,C-06
2025-05-24,C,4500.0,105.0,PRECIO_MUY_ALTO,C-06
2025-05-25,C,4500.0,105.0,PRECIO_MUY_ALTO,C-06
2025-05-26,C,4500.0,105.0,PRECIO_MUY_ALTO,C-06
2025-05-28,C,4500.0,105.0,PRECIO_MUY_ALTO,C-06
2025-05-29,C,4500.0,105.0,PRECIO_MUY_ALTO,C-06
2025-05-30,C,4500.0,105.0,PRECIO_MUY_ALTO,C-06
2025-05-31,C,4500.0,105.0,PRECIO_MUY_ALTO,C-06
2025-06-06,C,4500.0,105.0,PRECIO_MUY_ALTO,C-06
2025-06-07,C,4500.0,105.0,PRECIO_MUY_ALTO,C-06
2025-05-13,C,3000.0,96.0,PRECIO_MUY_ALTO,C-07
2025-05-14,C,3000.0,96.0,PRECIO_MUY_ALTO,C-07
2025-05-15,C,3000.0,96.0,PRECIO_MUY_ALTO,C-07
2025-05-16,C,4500.0,96.0,PRECIO_MUY_ALTO,C-07
2025-05-17,C,4500.0,96.0,PRECIO_MUY_ALTO,C-07
2025-05-18,C,4500.0,96.0,PRECIO_MUY_ALTO,C-07
2025-05-19,C,4500.0,96.0,PRECIO_MUY_ALTO,C-07
2025-05-20,C,4500.0,96.0,PRECIO_MUY_ALTO,C-07
2025-05-21,C,4500.0,96.0,PRECIO_MUY_ALTO,C-07
2025-05-22,C,4500.0,96.0,PRECIO_MUY_ALTO,C-07
2025-06-06,C,4500.0,96.0,PRECIO_MUY_ALTO,C-07
2025-06-07,C,4500.0,96.0,PRECIO_MUY_ALTO,C-07
2025-06-09,C,4500.0,96.0,PRECIO_MUY_ALTO,C-07
2025-06-10,C,4500.0,96.0,PRECIO_MUY_ALTO,C-07
2025-06-11,C,4500.0,96.0,PRECIO_MUY_ALTO,C-07
2025-06-12,C,4500.0,96.0,PRECIO_MUY_ALTO,C-07
2025-06-13,C,4500.0,96.0,PRECIO_MUY_ALTO,C-07
2025-05-13,C,3000.0,100.0,PRECIO_MUY_ALTO,C-08
2025-05-14,C,3000.0,100.0,PRECIO_MUY_ALTO,C-08
2025-05-15,C,3000.0,100.0,PRECIO_MUY_ALTO,C-08
2025-05-16,C,4500.0,100.0,PRECIO_MUY_ALTO,C-08
2025-05-17,C,4500.0,100.0,PRECIO_MUY_ALTO,C-08
2025-05-18,C,4500.0,100.0,PRECIO_MUY_ALTO,C-08
2025-05-19,C,4500.0,100.0,PRECIO_MUY_ALTO,C-08
2025-05-20,C,4500.0,100.0,PRECIO_MUY_ALTO,C-08
2025-05-21,C,4500.0,100.0,PRECIO_MUY_ALTO,C-08
2025-05-22,C,4500.0,100.0,PRECIO_MUY_ALTO,C-08
2025-05-23,C,4500.0,100.0,PRECIO_MUY_ALTO,C-08
2025-05-24,C,4500.0,100.0,PRECIO_MUY_ALTO,C-08
2025-05-25,C,4500.0,100.0,PRECIO_MUY_ALTO,C-08
2025-05-26,C,4500.0,100.0,PRECIO_MUY_ALTO,C-08
2025-05-27,C,4500.0,100.0,PRECIO_MUY_ALTO,C-08
2025-05-28,C,4500.0,100.0,PRECIO_MUY_ALTO,C-08
2025-05-29,C,4500.0,100.0,PRECIO_MUY_ALTO,C-08
2025-05-31,C,4500.0,100.0,PRECIO_MUY_ALTO,C-08
2025-06-04,C,4500.0,100.0,PRECIO_MUY_ALTO,C-08
2025-06-05,C,4500.0,100.0,PRECIO_MUY_ALTO,C-08
2025-06-06,C,4500.0,100.0,PRECIO_MUY_ALTO,C-08
2025-06-07,C,4500.0,100.0,PRECIO_MUY_ALTO,C-08
2025-05-13,C,3000.0,110.0,PRECIO_MUY_ALTO,C-09
2025-05-14,C,3000.0,110.0,PRECIO_MUY_ALTO,C-09
2025-05-15,C,3000.0,110.0,PRECIO_MUY_ALTO,C-09
2025-05-16,C,4500.0,110.0,PRECIO_MUY_ALTO,C-09
2025-05-17,C,4500.0,110.0,PRECIO_MUY_ALTO,C-09
2025-05-18,C,4500.0,110.0,PRECIO_MUY_ALTO,C-09
2025-05-19,C,4500.0,110.0,PRECIO_MUY_ALTO,C-09
2025-05-20,C,4500.0,110.0,PRECIO_MUY_ALTO,C-09
2025-05-21,C,4500.0,110.0,PRECIO_MUY_ALTO,C-09
2025-05-22,C,4500.0,110.0,PRECIO_MUY_ALTO,C-09
2025-05-24,C,4500.0,110.0,PRECIO_MUY_ALTO,C-09
2025-05-25,C,4500.0,110.0,PRECIO_MUY_ALTO,C-09
2025-05-26,C,4500.0,110.0,PRECIO_MUY_ALTO,C-09
2025-05-27,C,4500.0,110.0,PRECIO_MUY_ALTO,C-09
2025-05-28,C,4500.0,110.0,PRECIO_MUY_ALTO,C-09
2025-05-29,C,4500.0,110.0,PRECIO_MUY_ALTO,C-09
2025-06-03,C,4500.0,110.0,PRECIO_MUY_ALTO,C-09
2025-06-04,C,4500.0,110.0,PRECIO_MUY_ALTO,C-09
2025-06-05,C,4500.0,110.0,PRECIO_MUY_ALTO,C-09
2025-06-06,C,4500.0,110.0,PRECIO_MUY_ALTO,C-09
2025-06-07,C,4500.0,110.0,PRECIO_MUY_ALTO,C-09
2025-06-09,C,4500.0,110.0,PRECIO_MUY_ALTO,C-09
2025-06-10,C,4500.0,110.0,PRECIO_MUY_ALTO,C-09
2025-06-11,C,4500.0,110.0,PRECIO_MUY_ALTO,C-09
2025-06-12,C,4500.0,110.0,PRECIO_MUY_ALTO,C-09
2025-05-13,D,3000.0,81.0,PRECIO_MUY_ALTO,D-01
2025-05-14,D,3000.0,81.0,PRECIO_MUY_ALTO,D-01
2025-05-15,D,3000.0,81.0,PRECIO_MUY_ALTO,D-01
2025-05-16,D,4500.0,81.0,PRECIO_MUY_ALTO,D-01
2025-05-17,D,4500.0,81.0,PRECIO_MUY_ALTO,D-01
2025-05-19,D,4500.0,81.0,PRECIO_MUY_ALTO,D-01
2025-05-20,D,4500.0,81.0,PRECIO_MUY_ALTO,D-01
2025-05-21,D,4500.0,81.0,PRECIO_MUY_ALTO,D-01
2025-05-22,D,4500.0,81.0,PRECIO_MUY_ALTO,D-01
2025-05-24,D,4500.0,81.0,PRECIO_MUY_ALTO,D-01
2025-05-25,D,4500.0,81.0,PRECIO_MUY_ALTO,D-01
2025-05-26,D,4500.0,81.0,PRECIO_MUY_ALTO,D-01
2025-05-27,D,4500.0,81.0,PRECIO_MUY_ALTO,D-01
2025-05-28,D,4500.0,81.0,PRECIO_MUY_ALTO,D-01
2025-05-29,D,4500.0,81.0,PRECIO_MUY_ALTO,D-01
2025-05-31,D,4500.0,81.0,PRECIO_MUY_ALTO,D-01
2025-06-06,D,4500.0,81.0,PRECIO_MUY_ALTO,D-01
2025-06-07,D,4500.0,81.0,PRECIO_MUY_ALTO,D-01
2025-06-10,D,4500.0,81.0,PRECIO_MUY_ALTO,D-01
2025-06-11,D,4500.0,81.0,PRECIO_MUY_ALTO,D-01
2025-06-12,D,4500.0,81.0,PRECIO_MUY_ALTO,D-01
2025-05-13,D,3000.0,140.0,PRECIO_MUY_ALTO,D-02
2025-05-14,D,3000.0,140.0,PRECIO_MUY_ALTO,D-02
2025-05-15,D,3000.0,140.0,PRECIO_MUY_ALTO,D-02
2025-05-18,D,4500.0,140.0,PRECIO_MUY_ALTO,D-02
2025-05-20,D,4500.0,140.0,PRECIO_MUY_ALTO,D-02
2025-05-21,D,4500.0,140.0,PRECIO_MUY_ALTO,D-02
2025-05-22,D,4500.0,140.0,PRECIO_MUY_ALTO,D-02
2025-06-06,D,4500.0,140.0,PRECIO_MUY_ALTO,D-02
2025-06-07,D,4500.0,140.0,PRECIO_MUY_ALTO,D-02
2025-05-13,D,3000.0,150.0,PRECIO_MUY_ALTO,D-03
2025-05-14,D,3000.0,150.0,PRECIO_MUY_ALTO,D-03
2025-05-15,D,3000.0,150.0,PRECIO_MUY_ALTO,D-03
2025-05-17,D,4500.0,150.0,PRECIO_MUY_ALTO,D-03
2025-05-19,D,4500.0,150.0,PRECIO_MUY_ALTO,D-03
2025-05-21,D,4500.0,150.0,PRECIO_MUY_ALTO,D-03
2025-05-22,D,4500.0,150.0,PRECIO_MUY_ALTO,D-03
2025-05-23,D,4500.0,150.0,PRECIO_MUY_ALTO,D-03
2025-05-28,D,4500.0,150.0,PRECIO_MUY_ALTO,D-03
2025-06-02,D,4500.0,150.0,PRECIO_MUY_ALTO,D-03
2025-06-03,D,4500.0,150.0,PRECIO_MUY_ALTO,D-03
2025-06-04,D,4500.0,150.0,PRECIO_MUY_ALTO,D-03
2025-06-06,D,4500.0,150.0,PRECIO_MUY_ALTO,D-03
2025-06-07,D,4500.0,150.0,PRECIO_MUY_ALTO,D-03
2025-05-13,D,3000.0,97.5,PRECIO_MUY_ALTO,D-04
2025-05-14,D,3000.0,97.5,PRECIO_MUY_ALTO,D-04
2025-05-15,D,3000.0,97.5,PRECIO_MUY_ALTO,D-04
2025-05-16,D,4500.0,97.5,PRECIO_MUY_ALTO,D-04
2025-05-17,D,4500.0,97.5,PRECIO_MUY_ALTO,D-04
2025-05-19,D,4500.0,97.5,PRECIO_MUY_ALTO,D-04
2025-05-26,D,4500.0,97.5,PRECIO_MUY_ALTO,D-04
2025-05-29,D,4500.0,97.5,PRECIO_MUY_ALTO,D-04
2025-05-30,D,4500.0,97.5,PRECIO_MUY_ALTO,D-04
2025-05-31,D,4500.0,97.5,PRECIO_MUY_ALTO,D-04
2025-06-06,D,4500.0,97.5,PRECIO_MUY_ALTO,D-04
2025-06-07,D,4500.0,97.5,PRECIO_MUY_ALTO,D-04
2025-05-13,D,3000.0,90.0,PRECIO_MUY_ALTO,D-05
2025-05-14,D,3000.0,90.0,PRECIO_MUY_ALTO,D-05
2025-05-15,D,3000.0,90.0,PRECIO_MUY_ALTO,D-05
2025-05-17,D,4500.0,90.0,PRECIO_MUY_ALTO,D-05
2025-05-18,D,4500.0,90.0,PRECIO_MUY_ALTO,D-05
2025-05-19,D,4500.0,90.0,PRECIO_MUY_ALTO,D-05
2025-05-20,D,4500.0,90.0,PRECIO_MUY_ALTO,D-05
2025-05-23,D,4500.0,90.0,PRECIO_MUY_ALTO,D-05
2025-05-24,D,4500.0,90.0,PRECIO_MUY_ALTO,D-05
2025-05-28,D,4500.0,90.0,PRECIO_MUY_ALTO,D-05
2025-05-29,D,4500.0,90.0,PRECIO_MUY_ALTO,D-05
2025-05-31,D,4500.0,90.0,PRECIO_MUY_ALTO,D-05
2025-06-06,D,4500.0,90.0,PRECIO_MUY_ALTO,D-05
2025-06-07,D,4500.0,90.0,PRECIO_MUY_ALTO,D-05
2025-05-13,D,3000.0,144.0,PRECIO_MUY_ALTO,D-06
2025-05-14,D,3000.0,144.0,PRECIO_MUY_ALTO,D-06
2025-05-15,D,3000.0,144.0,PRECIO_MUY_ALTO,D-06
2025-05-16,D,4500.0,144.0,PRECIO_MUY_ALTO,D-06
2025-05-17,D,4500.0,144.0,PRECIO_MUY_ALTO,D-06
2025-05-18,D,4500.0,144.0,PRECIO_MUY_ALTO,D-06
2025-05-19,D,4500.0,144.0,PRECIO_MUY_ALTO,D-06
2025-05-20,D,4500.0,144.0,PRECIO_MUY_ALTO,D-06
2025-05-21,D,4500.0,144.0,PRECIO_MUY_ALTO,D-06
2025-05-22,D,4500.0,144.0,PRECIO_MUY_ALTO,D-06
2025-06-06,D,4500.0,144.0,PRECIO_MUY_ALTO,D-06
2025-06-07,D,4500.0,144.0,PRECIO_MUY_ALTO,D-06
2025-05-13,D,3000.0,203.0,PRECIO_MUY_ALTO,D-07
2025-05-14,D,3000.0,203.0,PRECIO_MUY_ALTO,D-07
2025-05-15,D,3000.0,203.0,PRECIO_MUY_ALTO,D-07
2025-05-16,D,4500.0,203.0,PRECIO_MUY_ALTO,D-07
2025-05-17,D,4500.0,203.0,PRECIO_MUY_ALTO,D-07
2025-05-19,D,4500.0,203.0,PRECIO_MUY_ALTO,D-07
2025-05-21,D,4500.0,203.0,PRECIO_MUY_ALTO,D-07
2025-05-22,D,4500.0,203.0,PRECIO_MUY_ALTO,D-07
2025-05-29,D,4500.0,203.0,PRECIO_MUY_ALTO,D-07
2025-06-06,D,4500.0,203.0,PRECIO_MUY_ALTO,D-07
2025-06-07,D,4500.0,203.0,PRECIO_MUY_ALTO,D-07
2025-06-08,D,4500.0,203.0,PRECIO_MUY_ALTO,D-07
2025-05-13,E,3000.0,50.0,PRECIO_MUY_ALTO,E-01
2025-05-14,E,3000.0,50.0,PRECIO_MUY_ALTO,E-01
2025-05-15,E,3000.0,50.0,PRECIO_MUY_ALTO,E-01
2025-05-16,E,3500.0,50.0,PRECIO_MUY_ALTO,E-01
2025-05-17,E,3500.0,50.0,PRECIO_MUY_ALTO,E-01
2025-05-19,E,3500.0,50.0,PRECIO_MUY_ALTO,E-01
2025-05-25,E,3500.0,50.0,PRECIO_MUY_ALTO,E-01
2025-05-26,E,3500.0,50.0,PRECIO_MUY_ALTO,E-01
2025-05-27,E,3500.0,50.0,PRECIO_MUY_ALTO,E-01
2025-05-28,E,3500.0,50.0,PRECIO_MUY_ALTO,E-01
2025-05-29,E,3500.0,50.0,PRECIO_MUY_ALTO,E-01
2025-05-30,E,3500.0,50.0,PRECIO_MUY_ALTO,E-01
2025-05-31,E,3500.0,50.0,PRECIO_MUY_ALTO,E-01
2025-06-01,E,3500.0,50.0,PRECIO_MUY_ALTO,E-01
2025-06-06,E,3500.0,50.0,PRECIO_MUY_ALTO,E-01
2025-06-07,E,3500.0,50.0,PRECIO_MUY_ALTO,E-01
2025-06-09,E,3500.0,50.0,PRECIO_MUY_ALTO,E-01
2025-06-12,E,3500.0,50.0,PRECIO_MUY_ALTO,E-01
2025-06-20,E,3500.0,50.0,PRECIO_MUY_ALTO,E-01
2025-07-17,E,3500.0,50.0,PRECIO_MUY_ALTO,E-01
2025-07-18,E,3500.0,50.0,PRECIO_MUY_ALTO,E-01
2025-07-19,E,3500.0,50.0,PRECIO_MUY_ALTO,E-01
2025-07-21,E,3500.0,50.0,PRECIO_MUY_ALTO,E-01
2025-07-24,E,3500.0,50.0,PRECIO_MUY_ALTO,E-01
2025-08-03,E,3500.0,50.0,PRECIO_MUY_ALTO,E-01
2025-08-04,E,3500.0,50.0,PRECIO_MUY_ALTO,E-01
2025-08-15,E,3500.0,50.0,PRECIO_MUY_ALTO,E-01
2025-08-16,E,3500.0,50.0,PRECIO_MUY_ALTO,E-01
2025-08-17,E,3500.0,50.0,PRECIO_MUY_ALTO,E-01
2025-08-18,E,3500.0,50.0,PRECIO_MUY_ALTO,E-01
2025-08-19,E,3500.0,50.0,PRECIO_MUY_ALTO,E-01
2025-08-22,E,3500.0,50.0,PRECIO_MUY_ALTO,E-01
2025-08-23,E,3500.0,50.0,PRECIO_MUY_ALTO,E-01
2025-05-13,E,3000.0,51.0,PRECIO_MUY_ALTO,E-02
2025-05-14,E,3000.0,51.0,PRECIO_MUY_ALTO,E-02
2025-05-15,E,3000.0,51.0,PRECIO_MUY_ALTO,E-02
2025-05-16,E,3500.0,51.0,PRECIO_MUY_ALTO,E-02
2025-05-17,E,3500.0,51.0,PRECIO_MUY_ALTO,E-02
2025-05-19,E,3500.0,51.0,PRECIO_MUY_ALTO,E-02
2025-05-27,E,3500.0,51.0,PRECIO_MUY_ALTO,E-02
2025-05-30,E,3500.0,51.0,PRECIO_MUY_ALTO,E-02
2025-05-31,E,3500.0,51.0,PRECIO_MUY_ALTO,E-02
2025-06-02,E,3500.0,51.0,PRECIO_MUY_ALTO,E-02
2025-06-05,E,3500.0,51.0,PRECIO_MUY_ALTO,E-02
2025-06-06,E,3500.0,51.0,PRECIO_MUY_ALTO,E-02
2025-06-07,E,3500.0,51.0,PRECIO_MUY_ALTO,E-02
2025-06-09,E,3500.0,51.0,PRECIO_MUY_ALTO,E-02
2025-06-11,E,3500.0,51.0,PRECIO_MUY_ALTO,E-02
2025-06-12,E,3500.0,51.0,PRECIO_MUY_ALTO,E-02
2025-06-13,E,3500.0,51.0,PRECIO_MUY_ALTO,E-02
2025-06-14,E,3500.0,51.0,PRECIO_MUY_ALTO,E-02
2025-06-16,E,3500.0,51.0,PRECIO_MUY_ALTO,E-02
2025-06-17,E,3500.0,51.0,PRECIO_MUY_ALTO,E-02
2025-06-21,E,3500.0,51.0,PRECIO_MUY_ALTO,E-02
2025-06-30,E,3500.0,51.0,PRECIO_MUY_ALTO,E-02
2025-07-17,E,3500.0,51.0,PRECIO_MUY_ALTO,E-02
2025-07-18,E,3500.0,51.0,PRECIO_MUY_ALTO,E-02
2025-07-19,E,3500.0,51.0,PRECIO_MUY_ALTO,E-02
2025-08-04,E,3500.0,51.0,PRECIO_MUY_ALTO,E-02
2025-08-05,E,3500.0,51.0,PRECIO_MUY_ALTO,E-02
2025-08-06,E,3500.0,51.0,PRECIO_MUY_ALTO,E-02
2025-08-22,E,3500.0,51.0,PRECIO_MUY_ALTO,E-02
2025-08-23,E,3500.0,51.0,PRECIO_MUY_ALTO,E-02
2025-05-13,E,3000.0,50.0,PRECIO_MUY_ALTO,E-03
2025-05-14,E,3000.0,50.0,PRECIO_MUY_ALTO,E-03
2025-05-15,E,3000.0,50.0,PRECIO_MUY_ALTO,E-03
2025-05-16,E,3500.0,50.0,PRECIO_MUY_ALTO,E-03
2025-05-17,E,3500.0,50.0,PRECIO_MUY_ALTO,E-03
2025-05-18,E,3500.0,50.0,PRECIO_MUY_ALTO,E-03
2025-05-31,E,3500.0,50.0,PRECIO_MUY_ALTO,E-03
2025-06-06,E,3500.0,50.0,PRECIO_MUY_ALTO,E-03
2025-06-07,E,3500.0,50.0,PRECIO_MUY_ALTO,E-03
2025-06-09,E,3500.0,50.0,PRECIO_MUY_ALTO,E-03
2025-06-12,E,3500.0,50.0,PRECIO_MUY_ALTO,E-03
2025-06-20,E,3500.0,50.0,PRECIO_MUY_ALTO,E-03
2025-06-21,E,3500.0,50.0,PRECIO_MUY_ALTO,E-03
2025-06-22,E,3500.0,50.0,PRECIO_MUY_ALTO,E-03
2025-06-23,E,3500.0,50.0,PRECIO_MUY_ALTO,E-03
2025-07-17,E,3500.0,50.0,PRECIO_MUY_ALTO,E-03
2025-07-18,E,3500.0,50.0,PRECIO_MUY_ALTO,E-03
2025-07-19,E,3500.0,50.0,PRECIO_MUY_ALTO,E-03
2025-07-24,E,3500.0,50.0,PRECIO_MUY_ALTO,E-03
2025-07-25,E,3500.0,50.0,PRECIO_MUY_ALTO,E-03
2025-07-26,E,3500.0,50.0,PRECIO_MUY_ALTO,E-03
2025-08-04,E,3500.0,50.0,PRECIO_MUY_ALTO,E-03
2025-08-05,E,3500.0,50.0,PRECIO_MUY_ALTO,E-03
2025-08-06,E,3500.0,50.0,PRECIO_MUY_ALTO,E-03
2025-08-22,E,3500.0,50.0,PRECIO_MUY_ALTO,E-03
2025-08-23,E,3500.0,50.0,PRECIO_MUY_ALTO,E-03
2025-05-13,E,3000.0,40.0,PRECIO_MUY_ALTO,E-04
2025-05-14,E,3000.0,40.0,PRECIO_MUY_ALTO,E-04
2025-05-15,E,3000.0,40.0,PRECIO_MUY_ALTO,E-04
2025-05-16,E,3500.0,40.0,PRECIO_MUY_ALTO,E-04
2025-05-17,E,3500.0,40.0,PRECIO_MUY_ALTO,E-04
2025-05-18,E,3500.0,40.0,PRECIO_MUY_ALTO,E-04
2025-05-19,E,3500.0,40.0,PRECIO_MUY_ALTO,E-04
2025-05-26,E,3500.0,40.0,PRECIO_MUY_ALTO,E-04
2025-05-27,E,3500.0,40.0,PRECIO_MUY_ALTO,E-04
2025-05-29,E,3500.0,40.0,PRECIO_MUY_ALTO,E-04
2025-05-31,E,3500.0,40.0,PRECIO_MUY_ALTO,E-04
2025-06-02,E,3500.0,40.0,PRECIO_MUY_ALTO,E-04
2025-06-06,E,3500.0,40.0,PRECIO_MUY_ALTO,E-04
2025-06-07,E,3500.0,40.0,PRECIO_MUY_ALTO,E-04
2025-06-17,E,3500.0,40.0,PRECIO_MUY_ALTO,E-04
2025-06-20,E,3500.0,40.0,PRECIO_MUY_ALTO,E-04
2025-06-21,E,3500.0,40.0,PRECIO_MUY_ALTO,E-04
2025-06-22,E,3500.0,40.0,PRECIO_MUY_ALTO,E-04
2025-06-27,E,3500.0,40.0,PRECIO_MUY_ALTO,E-04
2025-06-28,E,3500.0,40.0,PRECIO_MUY_ALTO,E-04
2025-07-02,E,3500.0,40.0,PRECIO_MUY_ALTO,E-04
2025-07-03,E,3500.0,40.0,PRECIO_MUY_ALTO,E-04
2025-07-04,E,3500.0,40.0,PRECIO_MUY_ALTO,E-04
2025-07-05,E,3500.0,40.0,PRECIO_MUY_ALTO,E-04
2025-07-18,E,3500.0,40.0,PRECIO_MUY_ALTO,E-04
2025-07-19,E,3500.0,40.0,PRECIO_MUY_ALTO,E-04
2025-07-25,E,3500.0,40.0,PRECIO_MUY_ALTO,E-04
2025-07-26,E,3500.0,40.0,PRECIO_MUY_ALTO,E-04
2025-07-27,E,3500.0,40.0,PRECIO_MUY_ALTO,E-04
2025-07-28,E,3500.0,40.0,PRECIO_MUY_ALTO,E-04
2025-07-29,E,3500.0,40.0,PRECIO_MUY_ALTO,E-04
2025-05-13,E,3000.0,50.0,PRECIO_MUY_ALTO,E-05
2025-05-14,E,3000.0,50.0,PRECIO_MUY_ALTO,E-05
2025-05-15,E,3000.0,50.0,PRECIO_MUY_ALTO,E-05
2025-05-16,E,3500.0,50.0,PRECIO_MUY_ALTO,E-05
2025-05-17,E,3500.0,50.0,PRECIO_MUY_ALTO,E-05
2025-05-25,E,3500.0,50.0,PRECIO_MUY_ALTO,E-05
2025-05-26,E,3500.0,50.0,PRECIO_MUY_ALTO,E-05
2025-05-27,E,3500.0,50.0,PRECIO_MUY_ALTO,E-05
2025-05-31,E,3500.0,50.0,PRECIO_MUY_ALTO,E-05
2025-06-06,E,3500.0,50.0,PRECIO_MUY_ALTO,E-05
2025-06-07,E,3500.0,50.0,PRECIO_MUY_ALTO,E-05
2025-06-09,E,3500.0,50.0,PRECIO_MUY_ALTO,E-05
2025-07-17,E,3500.0,50.0,PRECIO_MUY_ALTO,E-05
2025-07-18,E,3500.0,50.0,PRECIO_MUY_ALTO,E-05
2025-07-19,E,3500.0,50.0,PRECIO_MUY_ALTO,E-05
2025-08-04,E,3500.0,50.0,PRECIO_MUY_ALTO,E-05
2025-08-05,E,3500.0,50.0,PRECIO_MUY_ALTO,E-05
2025-08-06,E,3500.0,50.0,PRECIO_MUY_ALTO,E-05
2025-05-13,E,3000.0,38.0,PRECIO_MUY_ALTO,E-06
2025-05-14,E,3000.0,38.0,PRECIO_MUY_ALTO,E-06
2025-05-15,E,3000.0,38.0,PRECIO_MUY_ALTO,E-06
2025-05-16,E,3500.0,38.0,PRECIO_MUY_ALTO,E-06
2025-05-17,E,3500.0,38.0,PRECIO_MUY_ALTO,E-06
2025-05-18,E,3500.0,38.0,PRECIO_MUY_ALTO,E-06
2025-05-19,E,3500.0,38.0,PRECIO_MUY_ALTO,E-06
2025-05-25,E,3500.0,38.0,PRECIO_MUY_ALTO,E-06
2025-05-26,E,3500.0,38.0,PRECIO_MUY_ALTO,E-06
2025-05-31,E,3500.0,38.0,PRECIO_MUY_ALTO,E-06
2025-06-06,E,3500.0,38.0,PRECIO_MUY_ALTO,E-06
2025-06-07,E,3500.0,38.0,PRECIO_MUY_ALTO,E-06
2025-06-20,E,3500.0,38.0,PRECIO_MUY_ALTO,E-06
2025-06-21,E,3500.0,38.0,PRECIO_MUY_ALTO,E-06
2025-06-22,E,3500.0,38.0,PRECIO_MUY_ALTO,E-06
2025-07-25,E,3500.0,38.0,PRECIO_MUY_ALTO,E-06
2025-07-26,E,3500.0,38.0,PRECIO_MUY_ALTO,E-06
2025-05-13,E,3000.0,38.915,PRECIO_MUY_ALTO,E-07
2025-05-14,E,3000.0,38.915,PRECIO_MUY_ALTO,E-07
2025-05-15,E,3000.0,38.915,PRECIO_MUY_ALTO,E-07
2025-05-16,E,3500.0,38.915,PRECIO_MUY_ALTO,E-07
2025-05-17,E,3500.0,38.915,PRECIO_MUY_ALTO,E-07
2025-05-18,E,3500.0,38.915,PRECIO_MUY_ALTO,E-07
2025-05-19,E,3500.0,38.915,PRECIO_MUY_ALTO,E-07
2025-05-30,E,3500.0,38.915,PRECIO_MUY_ALTO,E-07
2025-05-31,E,3500.0,38.915,PRECIO_MUY_ALTO,E-07
2025-06-06,E,3500.0,38.915,PRECIO_MUY_ALTO,E-07
2025-06-07,E,3500.0,38.915,PRECIO_MUY_ALTO,E-07
2025-06-09,E,3500.0,38.915,PRECIO_MUY_ALTO,E-07
2025-06-23,E,3500.0,38.915,PRECIO_MUY_ALTO,E-07
2025-06-24,E,3500.0,38.915,PRECIO_MUY_ALTO,E-07
2025-06-25,E,3500.0,38.915,PRECIO_MUY_ALTO,E-07
2025-06-26,E,3500.0,38.915,PRECIO_MUY_ALTO,E-07
2025-06-27,E,3500.0,38.915,PRECIO_MUY_ALTO,E-07
2025-06-28,E,3500.0,38.915,PRECIO_MUY_ALTO,E-07
2025-06-29,E,3500.0,38.915,PRECIO_MUY_ALTO,E-07
2025-06-30,E,3500.0,38.915,PRECIO_MUY_ALTO,E-07
2025-07-01,E,3500.0,38.915,PRECIO_MUY_ALTO,E-07
2025-07-31,E,3500.0,38.915,PRECIO_MUY_ALTO,E-07
2025-08-01,E,3500.0,38.915,PRECIO_MUY_ALTO,E-07
2025-08-02,E,3500.0,38.915,PRECIO_MUY_ALTO,E-07
2025-05-13,E,3000.0,38.0,PRECIO_MUY_ALTO,E-08
2025-05-14,E,3000.0,38.0,PRECIO_MUY_ALTO,E-08
2025-05-15,E,3000.0,38.0,PRECIO_MUY_ALTO,E-08
2025-05-16,E,3500.0,38.0,PRECIO_MUY_ALTO,E-08
2025-05-17,E,3500.0,38.0,PRECIO_MUY_ALTO,E-08
2025-05-18,E,3500.0,38.0,PRECIO_MUY_ALTO,E-08
2025-05-19,E,3500.0,38.0,PRECIO_MUY_ALTO,E-08
2025-05-25,E,3500.0,38.0,PRECIO_MUY_ALTO,E-08
2025-05-30,E,3500.0,38.0,PRECIO_MUY_ALTO,E-08
2025-05-31,E,3500.0,38.0,PRECIO_MUY_ALTO,E-08
2025-06-06,E,3500.0,38.0,PRECIO_MUY_ALTO,E-08
2025-06-07,E,3500.0,38.0,PRECIO_MUY_ALTO,E-08
2025-06-09,E,3500.0,38.0,PRECIO_MUY_ALTO,E-08
2025-06-27,E,3500.0,38.0,PRECIO_MUY_ALTO,E-08
2025-06-28,E,3500.0,38.0,PRECIO_MUY_ALTO,E-08
2025-05-13,E,3000.0,50.0,PRECIO_MUY_ALTO,E-09
2025-05-14,E,3000.0,50.0,PRECIO_MUY_ALTO,E-09
2025-05-15,E,3000.0,50.0,PRECIO_MUY_ALTO,E-09
2025-05-16,E,3500.0,50.0,PRECIO_MUY_ALTO,E-09
2025-05-17,E,3500.0,50.0,PRECIO_MUY_ALTO,E-09
2025-05-25,E,3500.0,50.0,PRECIO_MUY_ALTO,E-09
2025-05-31,E,3500.0,50.0,PRECIO_MUY_ALTO,E-09
2025-06-06,E,3500.0,50.0,PRECIO_MUY_ALTO,E-09
2025-06-07,E,3500.0,50.0,PRECIO_MUY_ALTO,E-09
2025-06-09,E,3500.0,50.0,PRECIO_MUY_ALTO,E-09
2025-07-17,E,3500.0,50.0,PRECIO_MUY_ALTO,E-09
2025-07-18,E,3500.0,50.0,PRECIO_MUY_ALTO,E-09
2025-07-19,E,3500.0,50.0,PRECIO_MUY_ALTO,E-09
2025-07-26,E,3500.0,50.0,PRECIO_MUY_ALTO,E-09
2025-08-04,E,3500.0,50.0,PRECIO_MUY_ALTO,E-09
2025-08-05,E,3500.0,50.0,PRECIO_MUY_ALTO,E-09
2025-08-06,E,3500.0,50.0,PRECIO_MUY_ALTO,E-09
2025-08-16,E,3500.0,50.0,PRECIO_MUY_ALTO,E-09
2025-08-17,E,3500.0,50.0,PRECIO_MUY_ALTO,E-09
2025-08-18,E,3500.0,50.0,PRECIO_MUY_ALTO,E-09
2025-05-13,E,3000.0,38.0,PRECIO_MUY_ALTO,E-10
2025-05-14,E,3000.0,38.0,PRECIO_MUY_ALTO,E-10
2025-05-15,E,3000.0,38.0,PRECIO_MUY_ALTO,E-10
2025-05-16,E,3500.0,38.0,PRECIO_MUY_ALTO,E-10
2025-05-17,E,3500.0,38.0,PRECIO_MUY_ALTO,E-10
2025-05-18,E,3500.0,38.0,PRECIO_MUY_ALTO,E-10
2025-06-06,E,3500.0,38.0,PRECIO_MUY_ALTO,E-10
2025-06-07,E,3500.0,38.0,PRECIO_MUY_ALTO,E-10
2025-07-25,E,3500.0,38.0,PRECIO_MUY_ALTO,E-10
2025-07-26,E,3500.0,38.0,PRECIO_MUY_ALTO,E-10
2025-07-27,E,3500.0,38.0,PRECIO_MUY_ALTO,E-10
2025-05-13,E,3000.0,50.0,PRECIO_MUY_ALTO,E-11
2025-05-14,E,3000.0,50.0,PRECIO_MUY_ALTO,E-11
2025-05-15,E,3000.0,50.0,PRECIO_MUY_ALTO,E-11
2025-05-16,E,3500.0,50.0,PRECIO_MUY_ALTO,E-11
2025-05-17,E,3500.0,50.0,PRECIO_MUY_ALTO,E-11
2025-05-31,E,3500.0,50.0,PRECIO_MUY_ALTO,E-11
2025-06-06,E,3500.0,50.0,PRECIO_MUY_ALTO,E-11
2025-06-07,E,3500.0,50.0,PRECIO_MUY_ALTO,E-11
2025-05-13,E,3000.0,51.0,PRECIO_MUY_ALTO,E-12
2025-05-14,E,3000.0,51.0,PRECIO_MUY_ALTO,E-12
2025-05-15,E,3000.0,51.0,PRECIO_MUY_ALTO,E-12
2025-05-16,E,3500.0,51.0,PRECIO_MUY_ALTO,E-12
2025-05-17,E,3500.0,51.0,PRECIO_MUY_ALTO,E-12
2025-05-19,E,3500.0,51.0,PRECIO_MUY_ALTO,E-12
2025-05-25,E,3500.0,51.0,PRECIO_MUY_ALTO,E-12
2025-05-31,E,3500.0,51.0,PRECIO_MUY_ALTO,E-12
2025-06-06,E,3500.0,51.0,PRECIO_MUY_ALTO,E-12
2025-06-07,E,3500.0,51.0,PRECIO_MUY_ALTO,E-12
2025-06-15,E,3500.0,51.0,PRECIO_MUY_ALTO,E-12
2025-06-21,E,3500.0,51.0,PRECIO_MUY_ALTO,E-12
2025-06-23,E,3500.0,51.0,PRECIO_MUY_ALTO,E-12
2025-06-24,E,3500.0,51.0,PRECIO_MUY_ALTO,E-12
2025-06-25,E,3500.0,51.0,PRECIO_MUY_ALTO,E-12
2025-06-26,E,3500.0,51.0,PRECIO_MUY_ALTO,E-12
2025-06-27,E,3500.0,51.0,PRECIO_MUY_ALTO,E-12
2025-06-28,E,3500.0,51.0,PRECIO_MUY_ALTO,E-12
2025-06-29,E,3500.0,51.0,PRECIO_MUY_ALTO,E-12
2025-06-30,E,3500.0,51.0,PRECIO_MUY_ALTO,E-12
2025-07-01,E,3500.0,51.0,PRECIO_MUY_ALTO,E-12
2025-07-05,E,3500.0,51.0,PRECIO_MUY_ALTO,E-12
2025-07-17,E,3500.0,51.0,PRECIO_MUY_ALTO,E-12
2025-07-18,E,3500.0,51.0,PRECIO_MUY_ALTO,E-12
2025-07-19,E,3500.0,51.0,PRECIO_MUY_ALTO,E-12
2025-07-22,E,3500.0,51.0,PRECIO_MUY_ALTO,E-12
2025-07-23,E,3500.0,51.0,PRECIO_MUY_ALTO,E-12
2025-07-24,E,3500.0,51.0,PRECIO_MUY_ALTO,E-12
2025-07-25,E,3500.0,51.0,PRECIO_MUY_ALTO,E-12
2025-07-26,E,3500.0,51.0,PRECIO_MUY_ALTO,E-12
2025-08-04,E,3500.0,51.0,PRECIO_MUY_ALTO,E-12
2025-08-05,E,3500.0,51.0,PRECIO_MUY_ALTO,E-12
2025-08-06,E,3500.0,51.0,PRECIO_MUY_ALTO,E-12
2025-05-13,E,3000.0,38.0,PRECIO_MUY_ALTO,E-13
2025-05-14,E,3000.0,38.0,PRECIO_MUY_ALTO,E-13
2025-05-15,E,3000.0,38.0,PRECIO_MUY_ALTO,E-13
2025-05-16,E,3500.0,38.0,PRECIO_MUY_ALTO,E-13
2025-05-17,E,3500.0,38.0,PRECIO_MUY_ALTO,E-13
2025-05-18,E,3500.0,38.0,PRECIO_MUY_ALTO,E-13
2025-06-06,E,3500.0,38.0,PRECIO_MUY_ALTO,E-13
2025-06-07,E,3500.0,38.0,PRECIO_MUY_ALTO,E-13
2025-05-13,E,3000.0,38.0,PRECIO_MUY_ALTO,E-14
2025-05-14,E,3000.0,38.0,PRECIO_MUY_ALTO,E-14
2025-05-15,E,3000.0,38.0,PRECIO_MUY_ALTO,E-14
2025-05-16,E,3500.0,38.0,PRECIO_MUY_ALTO,E-14
2025-05-17,E,3500.0,38.0,PRECIO_MUY_ALTO,E-14
2025-05-18,E,3500.0,38.0,PRECIO_MUY_ALTO,E-14
2025-06-06,E,3500.0,38.0,PRECIO_MUY_ALTO,E-14
2025-06-07,E,3500.0,38.0,PRECIO_MUY_ALTO,E-14
2025-06-08,E,3500.0,38.0,PRECIO_MUY_ALTO,E-14
2026-01-16,A,4.0,80.0,PRECIO_MUY_BAJO,A-02
2026-05-23,B,2500.0,180.0,PRECIO_MUY_ALTO,B-01
2026-03-17,B,6.0,125.0,PRECIO_MUY_BAJO,B-04
2026-05-30,C,15.0,100.0,PRECIO_MUY_BAJO,C-08
2026-04-06,E,23.0,900.0,PRECIO_MUY_BAJO,E-15
2026-04-07,E,23.0,900.0,PRECIO_MUY_BAJO,E-15
2026-04-08,E,23.0,900.0,PRECIO_MUY_BAJO,E-15
2026-04-09,E,23.0,900.0,PRECIO_MUY_BAJO,E-15
2026-04-12,E,20.0,900.0,PRECIO_MUY_BAJO,E-15
2026-04-13,E,23.0,900.0,PRECIO_MUY_BAJO,E-15
2026-04-14,E,23.0,900.0,PRECIO_MUY_BAJO,E-15
2026-04-19,E,22.0,900.0,PRECIO_MUY_BAJO,E-15
2026-04-20,E,22.0,900.0,PRECIO_MUY_BAJO,E-15
