year_month,year,month,property_key,revenue_gross,revenue_net,reservations,avg_adr,avg_adr_net,total_nights,avg_lead_time,cancellations,cancel_rate_pct,building_name_public,segment,booking_score
2019-05,2019,5,1,418.0,355.31,7,59.71,50.76,7,,0,0.0,Edificio A - Urban District,Urban / Economy,6.32
2019-06,2019,6,1,9221.88,8375.42,55,100.24,89.2,80,1.0,11,20.0,Edificio A - Urban District,Urban / Economy,6.32
2019-07,2019,7,1,9382.85,8418.07,45,122.53,108.94,77,,12,26.7,Edificio A - Urban District,Urban / Economy,6.32
2019-08,2019,8,1,11580.119999999999,10394.69,39,149.98,132.41,68,,6,15.4,Edificio A - Urban District,Urban / Economy,6.32
2019-08,2019,8,2,31169.6,27051.4,93,158.51,136.76,192,,15,16.1,Edificio B - City Center,Urban / Mid-scale,8.04
2019-09,2019,9,1,8025.11,7224.88,36,107.52,94.67,67,,8,22.2,Edificio A - Urban District,Urban / Economy,6.32
2019-09,2019,9,2,35362.43,31751.12293,132,116.4,103.14,296,,41,31.1,Edificio B - City Center,Urban / Mid-scale,8.04
2019-10,2019,10,1,6915.88,6015.14,31,91.62,79.28,72,,6,19.4,Edificio A - Urban District,Urban / Economy,6.32
2019-10,2019,10,2,31362.8,27223.00415,98,130.4,112.3,225,,18,18.4,Edificio B - City Center,Urban / Mid-scale,8.04
2019-11,2019,11,1,3719.03,3294.17013,22,66.29,58.31,57,23.0,7,31.8,Edificio A - Urban District,Urban / Economy,6.32
2019-11,2019,11,2,19968.5,17244.7425,81,97.93,83.74,220,21.9,15,18.5,Edificio B - City Center,Urban / Mid-scale,8.04
2019-12,2019,12,1,5024.45,4515.45405,29,80.77,71.66,62,22.185185185185187,7,24.1,Edificio A - Urban District,Urban / Economy,6.32
2019-12,2019,12,2,21019.0,19262.432,90,93.3,82.8,216,22.31764705882353,23,25.6,Edificio B - City Center,Urban / Mid-scale,8.04
2020-01,2020,1,1,3935.0,3493.323,23,55.0,48.15,74,23.47826086956522,6,26.1,Edificio A - Urban District,Urban / Economy,6.32
2020-01,2020,1,2,12933.92,11337.801879999999,53,78.31,68.44,174,19.75,14,26.4,Edificio B - City Center,Urban / Mid-scale,8.04
2020-02,2020,2,1,4168.0,3762.454,23,69.64,62.36,59,30.0,8,34.8,Edificio A - Urban District,Urban / Economy,6.32
2020-02,2020,2,2,16773.0,14799.14,62,101.31,89.05,173,32.04838709677419,14,22.6,Edificio B - City Center,Urban / Mid-scale,8.04
2020-03,2020,3,1,3965.0,3744.865,15,73.43,67.02,58,45.333333333333336,7,46.7,Edificio A - Urban District,Urban / Economy,6.32
2020-03,2020,3,2,13216.0,12532.383,43,134.46,125.01,104,35.0,22,51.2,Edificio B - City Center,Urban / Mid-scale,8.04
2020-04,2020,4,1,467.0,467.0,2,74.62,74.62,6,87.5,2,100.0,Edificio A - Urban District,Urban / Economy,6.32
2020-04,2020,4,2,10440.0,10440.0,27,182.71,182.71,64,73.51851851851852,27,100.0,Edificio B - City Center,Urban / Mid-scale,8.04
2020-05,2020,5,1,1341.0,1313.018,10,80.7,78.01,16,36.3,8,80.0,Edificio A - Urban District,Urban / Economy,6.32
2020-05,2020,5,2,9444.0,9377.346,28,127.78,126.19,74,112.82142857142857,24,85.7,Edificio B - City Center,Urban / Mid-scale,8.04
2020-06,2020,6,1,3818.0,3759.112,21,111.92,109.6,30,11.952380952380953,17,81.0,Edificio A - Urban District,Urban / Economy,6.32
2020-06,2020,6,2,7404.0,7060.5869999999995,13,284.6,271.42,27,34.53846153846154,3,23.1,Edificio B - City Center,Urban / Mid-scale,8.04
2020-07,2020,7,1,2811.0,2627.152,22,76.76,71.04,36,12.590909090909092,8,36.4,Edificio A - Urban District,Urban / Economy,6.32
2020-07,2020,7,2,15444.0,13632.055,68,113.37,99.34,127,21.852941176470587,9,13.2,Edificio B - City Center,Urban / Mid-scale,8.04
2020-08,2020,8,1,3548.0,3024.911,22,81.61,69.97,43,5.0,2,9.1,Edificio A - Urban District,Urban / Economy,6.32
2020-08,2020,8,2,24525.0,21492.282,106,119.4,103.82,194,12.60377358490566,13,12.3,Edificio B - City Center,Urban / Mid-scale,8.04
2020-08,2020,8,3,1153.7,967.9593,7,59.13,49.61,19,0.2857142857142857,0,0.0,Edificio C - Riverside,Riverside / Upscale,7.89
2020-09,2020,9,1,2236.0,1876.004,17,67.97,57.03,34,2.1176470588235294,0,0.0,Edificio A - Urban District,Urban / Economy,6.32
2020-09,2020,9,2,15632.0,14017.525,89,91.77,80.05,147,13.213483146067416,10,11.2,Edificio B - City Center,Urban / Mid-scale,8.04
2020-09,2020,9,3,3731.2,3155.6028,26,58.7,49.57,61,1.6923076923076923,1,3.8,Edificio C - Riverside,Riverside / Upscale,7.89
2020-10,2020,10,1,1882.0,1578.998,17,61.34,51.47,31,2.764705882352941,0,0.0,Edificio A - Urban District,Urban / Economy,6.32
2020-10,2020,10,2,14583.0,12789.867,86,90.62,79.54,162,8.86046511627907,12,14.0,Edificio B - City Center,Urban / Mid-scale,8.04
2020-10,2020,10,3,4569.6,3899.7574,27,61.93,53.22,74,3.5925925925925926,1,3.7,Edificio C - Riverside,Riverside / Upscale,7.89
2020-11,2020,11,1,1786.0,1538.654,18,54.35,46.04,32,1.6666666666666667,1,5.6,Edificio A - Urban District,Urban / Economy,6.32
2020-11,2020,11,2,7098.0,6107.08,58,83.88,72.99,91,6.706896551724138,7,12.1,Edificio B - City Center,Urban / Mid-scale,8.04
2020-11,2020,11,3,2894.3,2463.8928,19,56.33,48.12,51,0.631578947368421,2,10.5,Edificio C - Riverside,Riverside / Upscale,7.89
2020-12,2020,12,1,1791.7,1547.6403,22,63.1,54.16,28,4.818181818181818,2,9.1,Edificio A - Urban District,Urban / Economy,6.32
2020-12,2020,12,2,10249.0,9088.208,74,98.9,89.31,107,3.175675675675676,24,32.4,Edificio B - City Center,Urban / Mid-scale,8.04
2020-12,2020,12,3,2801.4,2470.7476,30,71.16,63.01,42,1.7333333333333334,6,20.0,Edificio C - Riverside,Riverside / Upscale,7.89
2021-01,2021,1,1,1847.0,1585.0819999999999,24,53.67,46.5,35,2.1666666666666665,4,16.7,Edificio A - Urban District,Urban / Economy,6.32
2021-01,2021,1,2,10408.0,9319.237,88,74.14,67.11,145,1.7613636363636365,36,40.9,Edificio B - City Center,Urban / Mid-scale,8.04
2021-01,2021,1,3,6085.4,5231.3246,45,59.04,51.88,105,1.9333333333333333,9,20.0,Edificio C - Riverside,Riverside / Upscale,7.89
2021-02,2021,2,1,2129.0,1916.168,27,56.43,51.5,38,4.111111111111111,12,44.4,Edificio A - Urban District,Urban / Economy,6.32
2021-02,2021,2,2,5605.0,4916.374,56,68.64,61.23,86,3.0892857142857144,17,30.4,Edificio B - City Center,Urban / Mid-scale,8.04
2021-02,2021,2,3,4497.0,3860.559,35,59.21,51.51,77,2.1714285714285713,6,17.1,Edificio C - Riverside,Riverside / Upscale,7.89
2021-03,2021,3,1,2439.0,2130.738,29,63.34,55.73,40,3.6206896551724137,6,20.7,Edificio A - Urban District,Urban / Economy,6.32
2021-03,2021,3,2,5936.0,5254.129,58,76.81,68.51,78,5.706896551724138,19,32.8,Edificio B - City Center,Urban / Mid-scale,8.04
2021-03,2021,3,3,7180.9,6112.6861,48,62.64,54.13,119,3.7291666666666665,5,10.4,Edificio C - Riverside,Riverside / Upscale,7.89
2021-04,2021,4,1,1737.4,1504.80885,14,74.45,65.83,26,2.9285714285714284,3,21.4,Edificio A - Urban District,Urban / Economy,6.32
2021-04,2021,4,2,8514.35,7631.5624,66,94.66,85.89,99,5.03030303030303,22,33.3,Edificio B - City Center,Urban / Mid-scale,8.04
2021-04,2021,4,3,4803.35,4254.20615,42,78.76,71.42,67,1.7619047619047619,13,31.0,Edificio C - Riverside,Riverside / Upscale,7.89
2021-05,2021,5,1,2404.2,2094.6388,18,59.58,53.61,42,2.5555555555555554,5,27.8,Edificio A - Urban District,Urban / Economy,6.32
2021-05,2021,5,2,10618.1,9237.0689,72,94.57,83.53,121,4.527777777777778,13,18.1,Edificio B - City Center,Urban / Mid-scale,8.04
2021-05,2021,5,3,4033.9,3540.6458,31,65.36,57.75,64,2.903225806451613,8,25.8,Edificio C - Riverside,Riverside / Upscale,7.89
2021-06,2021,6,1,2893.1,2545.8639,26,67.2,60.23,43,2.68,10,38.5,Edificio A - Urban District,Urban / Economy,6.32
2021-06,2021,6,2,11959.2,10206.1746,75,88.26,76.35,129,6.8933333333333335,14,18.7,Edificio B - City Center,Urban / Mid-scale,8.04
2021-06,2021,6,3,6906.85,6075.3574,28,89.53,78.89,81,15.071428571428571,6,21.4,Edificio C - Riverside,Riverside / Upscale,7.89
2021-07,2021,7,1,4397.7,3896.0123,39,75.56,67.5,57,5.82051282051282,7,17.9,Edificio A - Urban District,Urban / Economy,6.32
2021-07,2021,7,2,22769.6,19801.6544,117,113.47,98.28,200,8.324786324786325,16,13.7,Edificio B - City Center,Urban / Mid-scale,8.04
2021-07,2021,7,3,14940.5,13185.027,83,92.79,81.85,162,8.325301204819278,16,19.3,Edificio C - Riverside,Riverside / Upscale,7.89
2021-07,2021,7,5,1470.0,1052.3,20,44.33,27.82,33,0.8947368421052632,3,15.0,Edificio E - Budget Inn,Budget / Hostal,6.72
2021-08,2021,8,1,6013.5,5188.6865,29,105.79,91.69,54,12.620689655172415,3,10.3,Edificio A - Urban District,Urban / Economy,6.32
2021-08,2021,8,2,44863.9,39511.7011,138,159.02,139.52,278,18.695652173913043,36,26.1,Edificio B - City Center,Urban / Mid-scale,8.04
2021-08,2021,8,3,38696.0,34548.57495,127,139.73,124.37,279,16.37007874015748,39,30.7,Edificio C - Riverside,Riverside / Upscale,7.89
2021-08,2021,8,5,33973.44,23408.9988,273,66.88,46.4,510,3.7444444444444445,39,14.3,Edificio E - Budget Inn,Budget / Hostal,6.72
2021-09,2021,9,1,3660.2,3147.6058,28,73.92,63.89,49,12.071428571428571,2,7.1,Edificio A - Urban District,Urban / Economy,6.32
2021-09,2021,9,2,23966.7,21077.2745,128,99.97,87.86,232,14.640625,34,26.6,Edificio B - City Center,Urban / Mid-scale,8.04
2021-09,2021,9,3,13527.4,11875.1003,68,95.48,83.44,140,13.764705882352942,16,23.5,Edificio C - Riverside,Riverside / Upscale,7.89
2021-09,2021,9,5,17083.0,12346.25,212,47.3,35.92,352,4.676328502415459,21,9.9,Edificio E - Budget Inn,Budget / Hostal,6.72
2021-10,2021,10,1,4454.3,3852.3333,40,77.35,67.1,57,3.8,5,12.5,Edificio A - Urban District,Urban / Economy,6.32
2021-10,2021,10,2,35585.4,31692.6442,156,122.13,107.79,291,10.679487179487179,39,25.0,Edificio B - City Center,Urban / Mid-scale,8.04
2021-10,2021,10,3,15447.3,13228.11745,83,91.36,78.06,165,7.421686746987952,10,12.0,Edificio C - Riverside,Riverside / Upscale,7.89
2021-11,2021,11,1,2599.6,2253.6965,22,61.75,53.12,41,13.545454545454545,3,13.6,Edificio A - Urban District,Urban / Economy,6.32
2021-11,2021,11,2,18670.18,16306.23452,91,104.1,90.92,177,12.912087912087912,19,20.9,Edificio B - City Center,Urban / Mid-scale,8.04
2021-11,2021,11,3,10532.65,9121.4517,61,85.41,73.98,116,15.311475409836065,10,16.4,Edificio C - Riverside,Riverside / Upscale,7.89
2021-12,2021,12,1,3373.8,2836.9182,32,71.82,60.46,47,4.28125,0,0.0,Edificio A - Urban District,Urban / Economy,6.32
2021-12,2021,12,2,25678.88,22617.12652,129,113.51,99.76,221,13.333333333333334,26,20.2,Edificio B - City Center,Urban / Mid-scale,8.04
2021-12,2021,12,3,14005.04,12256.97116,76,90.3,78.95,152,12.473684210526315,12,15.8,Edificio C - Riverside,Riverside / Upscale,7.89
2021-12,2021,12,5,318.0,270.3,6,36.83,31.31,9,0.0,0,0.0,Edificio E - Budget Inn,Budget / Hostal,6.72
2022-01,2022,1,1,2885.51,2483.46707,32,55.66,48.1,52,4.5,2,6.2,Edificio A - Urban District,Urban / Economy,6.32
2022-01,2022,1,2,8534.2,7292.6637,64,90.84,77.76,88,6.9375,4,6.2,Edificio B - City Center,Urban / Mid-scale,8.04
2022-01,2022,1,3,5756.7699999999995,4852.03653,42,55.41,47.02,103,4.571428571428571,4,9.5,Edificio C - Riverside,Riverside / Upscale,7.89
2022-01,2022,1,5,3799.0,3229.15,81,32.29,27.44,113,1.3205128205128205,4,4.9,Edificio E - Budget Inn,Budget / Hostal,6.72
2022-02,2022,2,1,2950.84,2554.40421,28,67.25,58.64,44,3.5714285714285716,3,10.7,Edificio A - Urban District,Urban / Economy,6.32
2022-02,2022,2,2,11429.63,10031.59441,76,93.45,81.4,124,6.671052631578948,16,21.1,Edificio B - City Center,Urban / Mid-scale,8.04
2022-02,2022,2,3,6277.39,5428.79864,51,70.1,60.82,92,6.1568627450980395,9,17.6,Edificio C - Riverside,Riverside / Upscale,7.89
2022-02,2022,2,5,7172.58,5734.9499,123,34.89,28.0,208,3.6639344262295084,8,6.5,Edificio E - Budget Inn,Budget / Hostal,6.72
2022-03,2022,3,1,4077.82,3505.30888,34,65.36,56.37,61,3.0294117647058822,6,17.6,Edificio A - Urban District,Urban / Economy,6.32
2022-03,2022,3,2,9507.34,8178.95805,77,85.1,72.78,109,3.220779220779221,3,3.9,Edificio B - City Center,Urban / Mid-scale,8.04
2022-03,2022,3,3,10052.4,8629.75525,69,74.05,62.99,136,3.8260869565217392,4,5.8,Edificio C - Riverside,Riverside / Upscale,7.89
2022-03,2022,3,5,10707.1,8255.115,207,32.42,25.13,330,2.2941176470588234,17,8.2,Edificio E - Budget Inn,Budget / Hostal,6.72
2022-04,2022,4,1,7062.23,6390.12061,49,91.52,81.92,71,5.448979591836735,15,30.6,Edificio A - Urban District,Urban / Economy,6.32
2022-04,2022,4,2,25530.57,21739.79131,104,136.93,116.82,177,6.480769230769231,9,8.7,Edificio B - City Center,Urban / Mid-scale,8.04
2022-04,2022,4,3,23677.97,20119.26765,104,121.35,103.69,183,6.326923076923077,8,7.7,Edificio C - Riverside,Riverside / Upscale,7.89
2022-04,2022,4,5,28531.4,17167.195,326,50.93,30.42,573,10.171875,77,23.6,Edificio E - Budget Inn,Budget / Hostal,6.72
2022-05,2022,5,1,7769.91,7029.67932,47,92.07,82.23,79,10.085106382978724,11,23.4,Edificio A - Urban District,Urban / Economy,6.32
2022-05,2022,5,2,30107.74,25885.62545,131,130.52,112.72,227,12.51908396946565,16,12.2,Edificio B - City Center,Urban / Mid-scale,8.04
2022-05,2022,5,3,20189.74,17366.60182,108,106.26,90.93,187,7.814814814814815,10,9.3,Edificio C - Riverside,Riverside / Upscale,7.89
2022-05,2022,5,5,32448.7,18349.8,347,47.51,30.71,635,6.903225806451613,68,19.6,Edificio E - Budget Inn,Budget / Hostal,6.72
2022-06,2022,6,1,5692.9800000000005,4990.83139,36,90.1,80.16,60,9.61111111111111,10,27.8,Edificio A - Urban District,Urban / Economy,6.32
2022-06,2022,6,2,21679.93,18666.0267,105,119.18,102.84,182,7.857142857142857,10,9.5,Edificio B - City Center,Urban / Mid-scale,8.04
2022-06,2022,6,3,25467.03,21826.00972,104,138.85,118.61,186,7.596153846153846,8,7.7,Edificio C - Riverside,Riverside / Upscale,7.89
2022-06,2022,6,5,42794.0,20668.685,383,55.92,33.94,687,9.183023872679046,81,21.1,Edificio E - Budget Inn,Budget / Hostal,6.72
2022-07,2022,7,1,7932.06,6844.58199,45,113.19,98.45,70,11.777777777777779,8,17.8,Edificio A - Urban District,Urban / Economy,6.32
2022-07,2022,7,2,39065.07,33157.00988,127,157.02,132.83,235,6.6141732283464565,8,6.3,Edificio B - City Center,Urban / Mid-scale,8.04
2022-07,2022,7,3,37197.69,32388.49142,131,154.14,133.04,235,8.221374045801527,17,13.0,Edificio C - Riverside,Riverside / Upscale,7.89
2022-07,2022,7,5,36431.9,23884.66,352,63.49,41.31,571,4.054755043227666,60,17.0,Edificio E - Budget Inn,Budget / Hostal,6.72
2022-08,2022,8,1,9504.86,8216.58074,40,129.84,111.7,70,13.55,3,7.5,Edificio A - Urban District,Urban / Economy,6.32
2022-08,2022,8,2,51859.07,44905.71764,142,203.78,174.15,248,13.028169014084508,13,9.2,Edificio B - City Center,Urban / Mid-scale,8.04
2022-08,2022,8,3,40337.02,34589.30802,122,184.14,157.15,218,13.434426229508198,11,9.0,Edificio C - Riverside,Riverside / Upscale,7.89
2022-08,2022,8,5,44525.0,32177.600000000002,328,76.04,55.11,590,5.7075471698113205,56,17.1,Edificio E - Budget Inn,Budget / Hostal,6.72
2022-09,2022,9,1,5990.08,5096.30574,37,92.2,78.7,61,8.91891891891892,2,5.4,Edificio A - Urban District,Urban / Economy,6.32
2022-09,2022,9,2,28494.8,24392.55115,102,150.0,128.03,186,6.745098039215686,6,5.9,Edificio B - City Center,Urban / Mid-scale,8.04
2022-09,2022,9,3,20899.99,17819.02158,104,112.41,95.84,182,5.259615384615385,8,7.7,Edificio C - Riverside,Riverside / Upscale,7.89
2022-09,2022,9,5,30039.0,20832.65,347,50.58,36.57,589,13.287390029325513,54,15.6,Edificio E - Budget Inn,Budget / Hostal,6.72
2022-10,2022,10,1,5016.51,4220.12916,37,84.88,71.52,62,8.216216216216216,1,2.7,Edificio A - Urban District,Urban / Economy,6.32
2022-10,2022,10,2,25506.3,21996.1679,116,128.95,110.36,193,7.094827586206897,7,6.0,Edificio B - City Center,Urban / Mid-scale,8.04
2022-10,2022,10,3,19215.13,16455.52934,90,122.75,106.04,168,6.322222222222222,12,13.3,Edificio C - Riverside,Riverside / Upscale,7.89
2022-10,2022,10,5,24912.0,18736.55,322,45.79,35.02,536,7.263322884012539,24,7.5,Edificio E - Budget Inn,Budget / Hostal,6.72
2022-11,2022,11,1,4129.38,3634.41995,34,65.1,56.22,62,14.588235294117647,3,8.8,Edificio A - Urban District,Urban / Economy,6.32
2022-11,2022,11,2,14124.5,12263.14775,89,105.67,92.16,136,11.842696629213483,15,16.9,Edificio B - City Center,Urban / Mid-scale,8.04
2022-11,2022,11,3,9928.36,8475.58488,77,79.55,68.11,120,10.051948051948052,8,10.4,Edificio C - Riverside,Riverside / Upscale,7.89
2022-11,2022,11,5,16240.0,12208.55,267,37.93,28.34,424,6.4423076923076925,33,12.4,Edificio E - Budget Inn,Budget / Hostal,6.72
2022-12,2022,12,1,3894.35,3540.4185899999998,27,75.91,67.37,50,26.444444444444443,8,29.6,Edificio A - Urban District,Urban / Economy,6.32
2022-12,2022,12,2,16268.85,14120.154,80,118.02,101.14,142,15.025,8,10.0,Edificio B - City Center,Urban / Mid-scale,8.04
2022-12,2022,12,3,15030.47,13308.37839,82,97.21,85.38,149,17.51219512195122,15,18.3,Edificio C - Riverside,Riverside / Upscale,7.89
2022-12,2022,12,5,18734.0,12628.45,227,41.72,29.77,431,12.54054054054054,30,13.2,Edificio E - Budget Inn,Budget / Hostal,6.72
2023-01,2023,1,1,1871.82,1570.45998,23,57.7,48.41,33,4.478260869565218,0,0.0,Edificio A - Urban District,Urban / Economy,6.32
2023-01,2023,1,2,14345.75,12736.58165,70,98.57,84.38,150,5.428571428571429,6,8.6,Edificio B - City Center,Urban / Mid-scale,8.04
2023-01,2023,1,3,8769.23,7493.63843,56,88.63,76.51,108,6.696428571428571,3,5.4,Edificio C - Riverside,Riverside / Upscale,7.89
2023-01,2023,1,5,11385.0,7861.65,197,33.03,24.3,335,5.285714285714286,25,12.7,Edificio E - Budget Inn,Budget / Hostal,6.72
2023-02,2023,2,1,3276.34,2748.83026,27,62.34,52.3,50,10.88888888888889,0,0.0,Edificio A - Urban District,Urban / Economy,6.32
2023-02,2023,2,2,13152.5,11094.6399,80,94.4,79.51,135,8.6375,2,2.5,Edificio B - City Center,Urban / Mid-scale,8.04
2023-02,2023,2,3,11134.039999999999,9529.575209999999,62,90.43,77.86,127,13.225806451612904,4,6.5,Edificio C - Riverside,Riverside / Upscale,7.89
2023-02,2023,2,5,16804.0,11253.15,254,35.53,24.85,467,5.66798418972332,49,19.3,Edificio E - Budget Inn,Budget / Hostal,6.72
2023-03,2023,3,1,2400.5,2022.5986,27,59.65,50.36,39,3.7037037037037037,1,3.7,Edificio A - Urban District,Urban / Economy,6.32
2023-03,2023,3,2,22683.99,19876.01186,114,120.25,104.76,185,9.456140350877194,11,9.6,Edificio B - City Center,Urban / Mid-scale,8.04
2023-03,2023,3,3,10817.84,9274.92293,77,85.53,73.71,126,9.012987012987013,7,9.1,Edificio C - Riverside,Riverside / Upscale,7.89
2023-03,2023,3,4,243.0,203.877,2,78.5,65.86,3,1.0,0,0.0,Edificio D - Old Quarter,Old Town / Premium,8.98
2023-03,2023,3,5,22165.0,14792.55,341,34.57,24.63,625,7.973134328358209,64,18.8,Edificio E - Budget Inn,Budget / Hostal,6.72
2023-04,2023,4,1,6044.45,5222.37051,42,80.01,68.76,68,9.738095238095237,2,4.8,Edificio A - Urban District,Urban / Economy,6.32
2023-04,2023,4,2,31296.989999999998,26981.57891,116,149.24,128.56,204,10.46551724137931,11,9.5,Edificio B - City Center,Urban / Mid-scale,8.04
2023-04,2023,4,3,25369.670000000002,22286.87843,95,138.05,120.29,182,10.76842105263158,13,13.7,Edificio C - Riverside,Riverside / Upscale,7.89
2023-04,2023,4,4,25972.9,22598.48115,110,131.97,113.73,188,4.163636363636364,10,9.1,Edificio D - Old Quarter,Old Town / Premium,8.98
2023-04,2023,4,5,34728.0,18434.8,329,51.82,31.32,636,14.327217125382264,74,22.5,Edificio E - Budget Inn,Budget / Hostal,6.72
2023-05,2023,5,1,5298.14,4549.898160000001,34,88.5,75.93,59,14.058823529411764,2,5.9,Edificio A - Urban District,Urban / Economy,6.32
2023-05,2023,5,2,24230.85,20490.041,110,128.05,108.65,185,9.190909090909091,4,3.6,Edificio B - City Center,Urban / Mid-scale,8.04
2023-05,2023,5,3,20479.78,17945.55807,104,115.22,100.49,185,10.903846153846153,15,14.4,Edificio C - Riverside,Riverside / Upscale,7.89
2023-05,2023,5,4,28332.9,23950.17345,96,125.84,106.2,181,7.760416666666667,3,3.1,Edificio D - Old Quarter,Old Town / Premium,8.98
2023-05,2023,5,5,29487.0,18464.55,323,47.45,32.24,604,15.638364779874214,49,15.2,Edificio E - Budget Inn,Budget / Hostal,6.72
2023-06,2023,6,1,6376.75,5632.04411,45,92.12,81.37,66,13.133333333333333,8,17.8,Edificio A - Urban District,Urban / Economy,6.32
2023-06,2023,6,2,32569.13,28229.9581,133,144.17,123.63,218,8.157894736842104,10,7.5,Edificio B - City Center,Urban / Mid-scale,8.04
2023-06,2023,6,3,18336.77,15686.96406,106,107.51,91.88,161,5.839622641509434,9,8.5,Edificio C - Riverside,Riverside / Upscale,7.89
2023-06,2023,6,4,29089.4,24789.43365,106,138.66,118.7,192,5.60377358490566,9,8.5,Edificio D - Old Quarter,Old Town / Premium,8.98
2023-06,2023,6,5,44604.0,25168.5,404,59.25,36.43,712,19.27020202020202,95,23.5,Edificio E - Budget Inn,Budget / Hostal,6.72
2023-07,2023,7,1,14053.26,12952.81489,42,147.91,134.6,83,49.23809523809524,11,26.2,Edificio A - Urban District,Urban / Economy,6.32
2023-07,2023,7,2,46829.75,40681.9017,145,177.31,152.42,243,31.2,14,9.7,Edificio B - City Center,Urban / Mid-scale,8.04
2023-07,2023,7,3,42316.93,36733.89816,148,171.02,147.63,239,52.29054054054054,24,16.2,Edificio C - Riverside,Riverside / Upscale,7.89
2023-07,2023,7,4,39097.1,33363.2127,141,169.81,144.76,229,15.929078014184396,10,7.1,Edificio D - Old Quarter,Old Town / Premium,8.98
2023-07,2023,7,5,58328.0,30331.4,430,72.21,43.32,769,19.465721040189127,104,24.2,Edificio E - Budget Inn,Budget / Hostal,6.72
2023-08,2023,8,1,11573.369999999999,10167.83066,46,139.1,120.98,82,30.543478260869566,8,17.4,Edificio A - Urban District,Urban / Economy,6.32
2023-08,2023,8,2,55406.0,47865.46175,137,217.06,186.45,239,31.087591240875913,15,10.9,Edificio B - City Center,Urban / Mid-scale,8.04
2023-08,2023,8,3,44730.48,38567.75205,144,187.64,162.65,232,34.673611111111114,25,17.4,Edificio C - Riverside,Riverside / Upscale,7.89
2023-08,2023,8,4,58503.3,51689.6687,126,227.36,198.79,249,22.436507936507937,24,19.0,Edificio D - Old Quarter,Old Town / Premium,8.98
2023-08,2023,8,5,57556.0,34994.5,403,75.04,50.07,741,26.752551020408163,83,20.6,Edificio E - Budget Inn,Budget / Hostal,6.72
2023-09,2023,9,1,7492.139999999999,6633.72687,40,112.0,99.77,67,19.525,7,17.5,Edificio A - Urban District,Urban / Economy,6.32
2023-09,2023,9,2,39219.52,33290.69555,119,165.94,141.59,226,15.084033613445378,10,8.4,Edificio B - City Center,Urban / Mid-scale,8.04
2023-09,2023,9,3,28467.760000000002,24021.36904,95,153.39,130.14,195,18.673684210526314,5,5.3,Edificio C - Riverside,Riverside / Upscale,7.89
2023-09,2023,9,4,37330.5,31863.5065,115,170.92,146.4,211,17.37391304347826,12,10.4,Edificio D - Old Quarter,Old Town / Premium,8.98
2023-09,2023,9,5,41828.0,27483.9,380,59.74,40.88,684,10.318181818181818,73,19.2,Edificio E - Budget Inn,Budget / Hostal,6.72
2023-10,2023,10,1,5960.4400000000005,5011.47516,37,94.55,79.61,62,13.54054054054054,1,2.7,Edificio A - Urban District,Urban / Economy,6.32
2023-10,2023,10,2,43535.85,37625.54345,117,189.23,164.3,215,11.871794871794872,9,7.7,Edificio B - City Center,Urban / Mid-scale,8.04
2023-10,2023,10,3,27835.84,23626.38994,114,137.31,116.61,196,7.921052631578948,5,4.4,Edificio C - Riverside,Riverside / Upscale,7.89
2023-10,2023,10,4,33579.25,28962.2745,76,179.64,155.0,145,8.973684210526315,7,9.2,Edificio D - Old Quarter,Old Town / Premium,8.98
2023-10,2023,10,5,35064.63,23161.6432,399,56.46,38.35,610,9.884318766066839,72,18.0,Edificio E - Budget Inn,Budget / Hostal,6.72
2023-11,2023,11,1,4445.68,3781.59577,38,73.56,62.79,60,9.18421052631579,4,10.5,Edificio A - Urban District,Urban / Economy,6.32
2023-11,2023,11,2,26162.37,22548.39399,118,121.61,105.02,214,25.050847457627118,11,9.3,Edificio B - City Center,Urban / Mid-scale,8.04
2023-11,2023,11,3,13571.67,11904.09989,60,116.54,101.47,105,25.75,7,11.7,Edificio C - Riverside,Riverside / Upscale,7.89
2023-11,2023,11,4,19331.4,17169.1156,58,168.74,149.43,106,31.56896551724138,8,13.8,Edificio D - Old Quarter,Old Town / Premium,8.98
2023-11,2023,11,5,24440.38,14706.9579,326,41.51,27.75,574,9.157232704402515,60,18.4,Edificio E - Budget Inn,Budget / Hostal,6.72
2023-12,2023,12,1,5593.64,4847.65366,49,79.02,69.04,70,11.448979591836734,7,14.3,Edificio A - Urban District,Urban / Economy,6.32
2023-12,2023,12,2,33721.45,29002.441749999998,142,132.85,114.36,242,16.87323943661972,18,12.7,Edificio B - City Center,Urban / Mid-scale,8.04
2023-12,2023,12,3,18880.3,16233.2002,85,116.1,99.36,157,13.541176470588235,8,9.4,Edificio C - Riverside,Riverside / Upscale,7.89
2023-12,2023,12,4,17210.65,14563.70285,70,131.63,111.51,127,16.057142857142857,5,7.1,Edificio D - Old Quarter,Old Town / Premium,8.98
2023-12,2023,12,5,51875.0,17854.25,327,51.36,32.36,533,6.310344827586207,31,9.5,Edificio E - Budget Inn,Budget / Hostal,6.72
2024-01,2024,1,1,3104.46,2630.38324,34,56.9,48.5,55,5.352941176470588,2,5.9,Edificio A - Urban District,Urban / Economy,6.32
2024-01,2024,1,2,20221.45,17586.35915,108,107.16,93.74,192,8.314814814814815,10,9.3,Edificio B - City Center,Urban / Mid-scale,8.04
2024-01,2024,1,3,9556.85,8075.63865,61,78.87,66.85,120,4.327868852459017,3,4.9,Edificio C - Riverside,Riverside / Upscale,7.89
2024-01,2024,1,4,9202.95,7768.05255,51,91.64,77.62,100,4.2745098039215685,3,5.9,Edificio D - Old Quarter,Old Town / Premium,8.98
2024-01,2024,1,5,16637.0,12051.3,251,33.29,25.38,476,6.317073170731708,23,9.2,Edificio E - Budget Inn,Budget / Hostal,6.72
2024-02,2024,2,1,3705.57,3117.97352,34,57.52,48.53,60,6.588235294117647,1,2.9,Edificio A - Urban District,Urban / Economy,6.32
2024-02,2024,2,2,22456.0,19318.61155,121,113.94,98.96,198,16.33884297520661,14,11.6,Edificio B - City Center,Urban / Mid-scale,8.04
2024-02,2024,2,3,18438.66,16498.94332,90,95.71,82.86,162,11.255555555555556,7,7.8,Edificio C - Riverside,Riverside / Upscale,7.89
2024-02,2024,2,4,13158.65,11362.279849999999,77,111.47,95.61,121,7.8441558441558445,5,6.5,Edificio D - Old Quarter,Old Town / Premium,8.98
2024-02,2024,2,5,16650.0,12752.55,251,36.43,27.45,437,9.437246963562753,27,10.8,Edificio E - Budget Inn,Budget / Hostal,6.72
2024-03,2024,3,1,6993.0599999999995,6218.33712,47,90.16,79.16,73,23.76595744680851,8,17.0,Edificio A - Urban District,Urban / Economy,6.32
2024-03,2024,3,2,31000.32,26594.89678,123,149.58,128.09,193,15.829268292682928,8,6.5,Edificio B - City Center,Urban / Mid-scale,8.04
2024-03,2024,3,3,26946.04,23403.28704,107,149.3,130.74,181,30.57943925233645,16,15.0,Edificio C - Riverside,Riverside / Upscale,7.89
2024-03,2024,3,4,29921.15,25475.09335,96,148.33,126.1,175,11.791666666666666,5,5.2,Edificio D - Old Quarter,Old Town / Premium,8.98
2024-03,2024,3,5,27529.0,20581.05,337,50.0,37.65,516,7.936746987951807,30,8.9,Edificio E - Budget Inn,Budget / Hostal,6.72
2024-04,2024,4,1,4084.2999999999997,3451.88485,35,82.14,69.63,52,20.485714285714284,1,2.9,Edificio A - Urban District,Urban / Economy,6.32
2024-04,2024,4,2,31609.27,27376.14473,159,137.56,119.32,229,14.924528301886792,10,6.3,Edificio B - City Center,Urban / Mid-scale,8.04
2024-04,2024,4,3,23575.670000000002,20265.08419,115,120.54,103.88,205,16.843478260869563,14,12.2,Edificio C - Riverside,Riverside / Upscale,7.89
2024-04,2024,4,4,25409.0,21739.4307,118,124.74,106.46,193,8.169491525423728,7,5.9,Edificio D - Old Quarter,Old Town / Premium,8.98
2024-04,2024,4,5,22206.0,18297.95,347,44.87,36.79,485,3.9941690962099123,13,3.7,Edificio E - Budget Inn,Budget / Hostal,6.72
2024-05,2024,5,1,7187.38,6221.69415,47,103.85,89.96,72,25.51063829787234,5,10.6,Edificio A - Urban District,Urban / Economy,6.32
2024-05,2024,5,2,57393.6,50280.8884,156,217.19,191.07,254,23.23076923076923,19,12.2,Edificio B - City Center,Urban / Mid-scale,8.04
2024-05,2024,5,3,35468.98,31218.79782,121,174.55,154.57,212,19.760330578512395,16,13.2,Edificio C - Riverside,Riverside / Upscale,7.89
2024-05,2024,5,4,46492.05,40841.0618,116,197.08,172.07,211,20.50862068965517,14,12.1,Edificio D - Old Quarter,Old Town / Premium,8.98
2024-05,2024,5,5,46763.0,27131.15,438,66.4,40.84,717,14.192575406032482,71,16.2,Edificio E - Budget Inn,Budget / Hostal,6.72
2024-06,2024,6,1,6652.85,5901.79577,41,102.6,89.4,66,21.390243902439025,8,19.5,Edificio A - Urban District,Urban / Economy,6.32
2024-06,2024,6,2,42592.0,37699.9198,156,165.04,145.51,250,13.371794871794872,14,9.0,Edificio B - City Center,Urban / Mid-scale,8.04
2024-06,2024,6,3,28660.78,24960.00644,140,115.0,99.37,226,8.7,11,7.9,Edificio C - Riverside,Riverside / Upscale,7.89
2024-06,2024,6,4,29661.1,25505.10935,119,140.56,120.22,198,8.285714285714286,5,4.2,Edificio D - Old Quarter,Old Town / Premium,8.98
2024-06,2024,6,5,23062.0,12922.55,178,60.71,38.78,367,24.422857142857143,40,22.5,Edificio E - Budget Inn,Budget / Hostal,6.72
2024-07,2024,7,1,6769.31,5752.73457,42,105.26,89.68,63,7.4523809523809526,2,4.8,Edificio A - Urban District,Urban / Economy,6.32
2024-07,2024,7,2,47467.45,40776.59035,140,167.79,142.3,261,11.457142857142857,5,3.6,Edificio B - City Center,Urban / Mid-scale,8.04
2024-07,2024,7,3,32542.23,27528.28907,118,149.57,126.75,206,15.23728813559322,4,3.4,Edificio C - Riverside,Riverside / Upscale,7.89
2024-07,2024,7,4,30309.6,25773.64365,122,170.72,144.69,182,5.483606557377049,7,5.7,Edificio D - Old Quarter,Old Town / Premium,8.98
2024-07,2024,7,5,32250.0,18636.25,279,65.18,41.69,454,21.175824175824175,49,17.6,Edificio E - Budget Inn,Budget / Hostal,6.72
2024-08,2024,8,1,9943.13,8414.97405,41,143.68,121.82,68,14.439024390243903,2,4.9,Edificio A - Urban District,Urban / Economy,6.32
2024-08,2024,8,2,59807.05,50616.5121,151,219.62,185.91,258,17.90066225165563,7,4.6,Edificio B - City Center,Urban / Mid-scale,8.04
2024-08,2024,8,3,50980.42,43337.64993,118,198.43,168.66,256,18.88135593220339,7,5.9,Edificio C - Riverside,Riverside / Upscale,7.89
2024-08,2024,8,4,52716.55,46186.17195,129,238.34,206.25,213,24.472868217054263,19,14.7,Edificio D - Old Quarter,Old Town / Premium,8.98
2024-08,2024,8,5,26600.0,20958.45,237,68.52,53.94,373,6.456521739130435,16,6.8,Edificio E - Budget Inn,Budget / Hostal,6.72
2024-09,2024,9,1,6144.41,5262.128189999999,37,102.65,89.01,59,9.0,3,8.1,Edificio A - Urban District,Urban / Economy,6.32
2024-09,2024,9,2,45591.85,39955.26478,136,157.29,134.39,277,14.860294117647058,6,4.4,Edificio B - City Center,Urban / Mid-scale,8.04
2024-09,2024,9,3,22844.34,19275.80966,96,125.55,106.47,187,5.28125,4,4.2,Edificio C - Riverside,Riverside / Upscale,7.89
2024-09,2024,9,4,34062.8,29179.3595,97,177.32,151.11,176,12.618556701030927,6,6.2,Edificio D - Old Quarter,Old Town / Premium,8.98
2024-09,2024,9,5,26104.6,17887.315,225,53.88,41.51,448,5.357466063348416,18,8.0,Edificio E - Budget Inn,Budget / Hostal,6.72
2024-10,2024,10,1,6842.0,5890.5289,46,92.61,80.17,69,12.782608695652174,6,13.0,Edificio A - Urban District,Urban / Economy,6.32
2024-10,2024,10,2,40079.07,34401.71894,109,193.34,164.23,188,12.238532110091743,4,3.7,Edificio B - City Center,Urban / Mid-scale,8.04
2024-10,2024,10,3,26168.16,22111.44916,110,132.37,112.09,188,8.081818181818182,6,5.5,Edificio C - Riverside,Riverside / Upscale,7.89
2024-10,2024,10,4,37497.0,32546.467,92,209.92,182.18,147,11.652173913043478,5,5.4,Edificio D - Old Quarter,Old Town / Premium,8.98
2024-10,2024,10,5,23491.7,19166.395,258,50.0,39.82,416,5.122047244094488,12,4.7,Edificio E - Budget Inn,Budget / Hostal,6.72
2024-11,2024,11,1,5909.7300000000005,5272.56062,53,73.25,64.85,78,30.81132075471698,12,22.6,Edificio A - Urban District,Urban / Economy,6.32
2024-11,2024,11,2,18945.0,16755.26105,69,157.45,137.85,118,31.797101449275363,14,20.3,Edificio B - City Center,Urban / Mid-scale,8.04
2024-11,2024,11,3,18459.8,15946.5876,101,97.79,84.55,197,12.603960396039604,11,10.9,Edificio C - Riverside,Riverside / Upscale,7.89
2024-11,2024,11,4,15986.0,13558.347,84,130.08,110.08,122,2.607142857142857,4,4.8,Edificio D - Old Quarter,Old Town / Premium,8.98
2024-11,2024,11,5,15567.3,12759.605,228,39.86,32.07,377,1.9417040358744395,8,3.5,Edificio E - Budget Inn,Budget / Hostal,6.72
2024-12,2024,12,1,5127.8,4459.9527,54,70.04,60.6,71,12.722222222222221,6,11.1,Edificio A - Urban District,Urban / Economy,6.32
2024-12,2024,12,2,22287.25,19481.31025,86,136.87,118.82,153,24.988372093023255,10,11.6,Edificio B - City Center,Urban / Mid-scale,8.04
2024-12,2024,12,3,15092.960000000001,13097.182,93,91.7,80.61,155,15.301075268817204,18,19.4,Edificio C - Riverside,Riverside / Upscale,7.89
2024-12,2024,12,4,18469.0,15591.561,99,117.15,98.73,159,5.606060606060606,5,5.1,Edificio D - Old Quarter,Old Town / Premium,8.98
2024-12,2024,12,5,11947.1,9886.435,215,33.27,27.03,339,2.323809523809524,9,4.2,Edificio E - Budget Inn,Budget / Hostal,6.72
2025-01,2025,1,1,812.0,679.634,7,72.21,60.44,11,27.285714285714285,0,0.0,Edificio A - Urban District,Urban / Economy,6.32
2025-01,2025,1,2,1789.0,1497.393,9,111.69,93.48,15,7.777777777777778,0,0.0,Edificio B - City Center,Urban / Mid-scale,8.04
2025-01,2025,1,3,519.8,435.07259999999997,4,87.22,73.0,6,3.25,0,0.0,Edificio C - Riverside,Riverside / Upscale,7.89
2025-01,2025,1,4,1411.0,1198.857,7,94.59,81.72,15,5.428571428571429,1,14.3,Edificio D - Old Quarter,Old Town / Premium,8.98
2025-01,2025,1,5,8895.6,7561.26,191,29.58,25.14,295,1.8,2,1.0,Edificio E - Budget Inn,Budget / Hostal,6.72
2025-02,2025,2,1,763.2,737.1179999999999,4,105.6,99.08,8,115.75,3,75.0,Edificio A - Urban District,Urban / Economy,6.32
2025-02,2025,2,2,2976.0,2490.9120000000003,2,344.8,288.6,8,97.0,0,0.0,Edificio B - City Center,Urban / Mid-scale,8.04
2025-03,2025,3,1,884.84,850.51469,5,111.71,108.28,9,222.2,4,80.0,Edificio A - Urban District,Urban / Economy,6.32
2025-03,2025,3,2,4420.5,4089.6440000000002,15,186.79,174.07,24,197.26666666666668,10,66.7,Edificio B - City Center,Urban / Mid-scale,8.04
2025-03,2025,3,3,536.4,450.0396,2,66.82,56.07,7,263.0,0,0.0,Edificio C - Riverside,Riverside / Upscale,7.89
2025-03,2025,3,4,312.0,312.0,2,63.38,63.38,5,262.0,2,100.0,Edificio D - Old Quarter,Old Town / Premium,8.98
2025-04,2025,4,2,3078.0,3078.0,14,118.29,118.29,25,0.0,0,0.0,Edificio B - City Center,Urban / Mid-scale,8.04
2025-04,2025,4,3,2670.0,2670.0,15,116.2,116.2,22,0.0,0,0.0,Edificio C - Riverside,Riverside / Upscale,7.89
2025-04,2025,4,4,4422.0,4422.0,14,225.34,225.34,18,0.0,0,0.0,Edificio D - Old Quarter,Old Town / Premium,8.98
2025-04,2025,4,5,246.0,246.0,3,38.5,38.5,6,0.0,0,0.0,Edificio E - Budget Inn,Budget / Hostal,6.72
2025-05,2025,5,1,4594.3,4559.524,27,130.97,130.33,38,40.03703703703704,3,11.1,Edificio A - Urban District,Urban / Economy,6.32
2025-05,2025,5,2,39916.0,39916.0,128,226.79,226.79,194,3.4921875,0,0.0,Edificio B - City Center,Urban / Mid-scale,8.04
2025-05,2025,5,3,32400.1,32400.1,106,212.63,212.63,172,3.69811320754717,0,0.0,Edificio C - Riverside,Riverside / Upscale,7.89
2025-05,2025,5,4,41654.57,41654.57,95,306.43,306.43,138,3.642105263157895,0,0.0,Edificio D - Old Quarter,Old Town / Premium,8.98
2025-05,2025,5,5,21749.7,21749.7,179,84.17,84.17,262,4.659217877094972,0,0.0,Edificio E - Budget Inn,Budget / Hostal,6.72
2025-06,2025,6,1,5780.5,5780.5,49,84.66,84.66,66,7.979591836734694,0,0.0,Edificio A - Urban District,Urban / Economy,6.32
2025-06,2025,6,2,40818.6,40818.6,174,130.79,130.79,289,7.051724137931035,0,0.0,Edificio B - City Center,Urban / Mid-scale,8.04
2025-06,2025,6,3,32079.15,32079.15,152,101.28,101.28,300,5.953947368421052,0,0.0,Edificio C - Riverside,Riverside / Upscale,7.89
2025-06,2025,6,4,36475.1,36475.1,123,162.55,162.55,215,5.1138211382113825,0,0.0,Edificio D - Old Quarter,Old Town / Premium,8.98
2025-06,2025,6,5,25803.0,25803.0,282,47.37,47.37,511,7.51418439716312,0,0.0,Edificio E - Budget Inn,Budget / Hostal,6.72
2025-07,2025,7,1,7078.36,7078.36,44,92.41,92.41,76,13.227272727272727,1,2.3,Edificio A - Urban District,Urban / Economy,6.32
2025-07,2025,7,2,45513.6,45513.6,187,149.81,149.81,294,4.32620320855615,0,0.0,Edificio B - City Center,Urban / Mid-scale,8.04
2025-07,2025,7,3,38666.25,38666.25,143,127.9,127.9,283,4.93006993006993,0,0.0,Edificio C - Riverside,Riverside / Upscale,7.89
2025-07,2025,7,4,46715.8,46715.8,115,171.95,171.95,250,3.373913043478261,0,0.0,Edificio D - Old Quarter,Old Town / Premium,8.98
2025-07,2025,7,5,22056.9,22056.9,309,47.25,47.25,446,6.9288025889967635,0,0.0,Edificio E - Budget Inn,Budget / Hostal,6.72
2025-08,2025,8,1,9224.82,9224.82,45,127.12,127.12,77,12.466666666666667,0,0.0,Edificio A - Urban District,Urban / Economy,6.32
2025-08,2025,8,2,62365.1,62365.1,157,204.6,204.6,305,7.547770700636943,0,0.0,Edificio B - City Center,Urban / Mid-scale,8.04
2025-08,2025,8,3,49268.9,49268.9,128,180.62,180.62,283,4.640625,0,0.0,Edificio C - Riverside,Riverside / Upscale,7.89
2025-08,2025,8,4,85562.4,85562.4,95,238.85,238.85,293,3.8105263157894735,0,0.0,Edificio D - Old Quarter,Old Town / Premium,8.98
2025-08,2025,8,5,35305.0,35305.0,327,64.85,64.85,536,9.217125382262997,0,0.0,Edificio E - Budget Inn,Budget / Hostal,6.72
2025-09,2025,9,1,5717.15,5717.15,29,95.44,95.44,75,10.10344827586207,0,0.0,Edificio A - Urban District,Urban / Economy,6.32
2025-09,2025,9,2,43748.64,43748.64,153,144.22,144.22,291,5.098039215686274,0,0.0,Edificio B - City Center,Urban / Mid-scale,8.04
2025-09,2025,9,3,32307.9,32307.9,129,117.61,117.61,265,6.767441860465116,0,0.0,Edificio C - Riverside,Riverside / Upscale,7.89
2025-09,2025,9,4,30846.1,30846.1,101,169.04,169.04,182,7.099009900990099,0,0.0,Edificio D - Old Quarter,Old Town / Premium,8.98
2025-09,2025,9,5,30538.3,30538.3,342,52.24,52.24,556,5.915204678362573,0,0.0,Edificio E - Budget Inn,Budget / Hostal,6.72
2025-10,2025,10,1,16984.36,16984.36,42,94.2,94.2,138,7.9523809523809526,0,0.0,Edificio A - Urban District,Urban / Economy,6.32
2025-10,2025,10,2,56676.6,56676.6,134,161.56,161.56,338,10.940298507462687,0,0.0,Edificio B - City Center,Urban / Mid-scale,8.04
2025-10,2025,10,3,33771.2,33771.2,161,106.78,106.78,299,4.770186335403727,0,0.0,Edificio C - Riverside,Riverside / Upscale,7.89
2025-10,2025,10,4,45846.200000000004,45846.200000000004,117,174.84,174.84,229,9.435897435897436,0,0.0,Edificio D - Old Quarter,Old Town / Premium,8.98
2025-10,2025,10,5,26689.8,26689.8,276,50.52,50.52,506,5.590579710144928,0,0.0,Edificio E - Budget Inn,Budget / Hostal,6.72
2025-11,2025,11,1,5098.82,5098.82,42,68.54,68.54,72,19.976190476190474,0,0.0,Edificio A - Urban District,Urban / Economy,6.32
2025-11,2025,11,2,28096.1,28096.1,151,109.87,109.87,253,9.993377483443709,0,0.0,Edificio B - City Center,Urban / Mid-scale,8.04
2025-11,2025,11,3,20117.7,20117.7,110,86.67,86.67,227,10.081818181818182,0,0.0,Edificio C - Riverside,Riverside / Upscale,7.89
2025-11,2025,11,4,59751.200000000004,59751.200000000004,98,135.01,135.01,394,13.928571428571429,0,0.0,Edificio D - Old Quarter,Old Town / Premium,8.98
2025-11,2025,11,5,18979.7,18979.7,233,36.98,36.98,479,6.240343347639485,0,0.0,Edificio E - Budget Inn,Budget / Hostal,6.72
2025-12,2025,12,1,5673.46,5673.46,40,73.98,73.98,72,15.525,0,0.0,Edificio A - Urban District,Urban / Economy,6.32
2025-12,2025,12,2,33770.2,33770.2,182,99.61,99.61,308,14.95054945054945,0,0.0,Edificio B - City Center,Urban / Mid-scale,8.04
2025-12,2025,12,3,22146.3,22146.3,127,83.44,83.44,240,6.566929133858268,0,0.0,Edificio C - Riverside,Riverside / Upscale,7.89
2025-12,2025,12,4,31386.9,31386.9,91,149.34,149.34,171,13.285714285714286,0,0.0,Edificio D - Old Quarter,Old Town / Premium,8.98
2025-12,2025,12,5,15766.4,15766.4,230,34.51,34.51,421,6.808695652173913,0,0.0,Edificio E - Budget Inn,Budget / Hostal,6.72
2026-01,2026,1,1,3364.42,3364.42,32,53.35,53.35,59,7.875,0,0.0,Edificio A - Urban District,Urban / Economy,6.32
2026-01,2026,1,2,18567.2,18567.2,139,85.43,85.43,218,7.625899280575539,0,0.0,Edificio B - City Center,Urban / Mid-scale,8.04
2026-01,2026,1,3,11487.7,11487.7,103,67.59,67.59,165,4.961165048543689,0,0.0,Edificio C - Riverside,Riverside / Upscale,7.89
2026-01,2026,1,4,13396.1,13396.1,75,93.17,93.17,257,3.546666666666667,0,0.0,Edificio D - Old Quarter,Old Town / Premium,8.98
2026-01,2026,1,5,18119.1,18119.1,285,31.49,31.49,576,11.126315789473685,0,0.0,Edificio E - Budget Inn,Budget / Hostal,6.72
2026-02,2026,2,1,3850.55,3850.55,43,54.03,54.03,66,8.395348837209303,0,0.0,Edificio A - Urban District,Urban / Economy,6.32
2026-02,2026,2,2,28689.1,28689.1,140,82.83,82.83,329,5.185714285714286,0,0.0,Edificio B - City Center,Urban / Mid-scale,8.04
2026-02,2026,2,3,13544.2,13544.2,125,66.66,66.66,210,3.832,0,0.0,Edificio C - Riverside,Riverside / Upscale,7.89
2026-02,2026,2,4,18832.2,18832.2,82,112.74,112.74,158,7.865853658536586,0,0.0,Edificio D - Old Quarter,Old Town / Premium,8.98
2026-02,2026,2,5,14350.0,14350.0,254,32.8,32.8,443,12.535433070866143,0,0.0,Edificio E - Budget Inn,Budget / Hostal,6.72
2026-03,2026,3,1,2963.6000000000004,2963.6000000000004,28,59.42,59.42,47,6.428571428571429,0,0.0,Edificio A - Urban District,Urban / Economy,6.32
2026-03,2026,3,2,25448.2,25448.2,128,112.14,112.14,212,15.890625,0,0.0,Edificio B - City Center,Urban / Mid-scale,8.04
2026-03,2026,3,3,20925.52,20925.52,139,84.71,84.71,236,11.719424460431656,0,0.0,Edificio C - Riverside,Riverside / Upscale,7.89
2026-03,2026,3,4,22788.8,22788.8,70,153.93,153.93,131,17.571428571428573,0,0.0,Edificio D - Old Quarter,Old Town / Premium,8.98
2026-03,2026,3,5,15029.8,15029.8,226,35.78,35.78,410,19.035398230088497,0,0.0,Edificio E - Budget Inn,Budget / Hostal,6.72
2026-04,2026,4,1,609.3000000000001,509.9891,3,78.35,65.58,8,17.333333333333332,0,0.0,Edificio A - Urban District,Urban / Economy,6.32
2026-04,2026,4,2,1492.0,1248.804,7,113.54,95.04,14,12.142857142857142,0,0.0,Edificio B - City Center,Urban / Mid-scale,8.04
2026-04,2026,4,3,1393.6,1166.4432,11,87.75,73.45,17,3.272727272727273,0,0.0,Edificio C - Riverside,Riverside / Upscale,7.89
2026-04,2026,4,4,262.0,221.26999999999998,2,93.0,78.33,3,28.5,1,50.0,Edificio D - Old Quarter,Old Town / Premium,8.98
